verse	edition	note
2	2	*Injecit funera* [inflicted death]. The older poets say *immittere* or *dare funera*. Virg. *Aen.* X, 13: « Quum fera Carthago Romanis arcibus olim Exitium magnum atque Alpes immittet apertas »; Val. Flaccus, III, 681: « nec enim solis dare funera Colchis Sit satis ». — Plautus, however, said *objicere funera*, *Amphitr.* I, 1, 35: « Qui multa Thebano populo objecit funera ». Ed.
4	2	*Volucrumque trahendos* [and to be torn by birds]. P. Bondam, *Var. Lect.* II, 4, observes that in these words the author imitated Ovid, *Ib.* 171: « Unguibus et rostro tardus trahet ilia vultur, Et scindent avidae perfida corda canes ».
5	2	*Exsangues inhumatis ossibus* [lifeless, with unburied bones]. Virgil, *Aen.* XI, 22: « socios inhumataque corpora terrae Mandemus ». Ovid, *Her.* XI, 123: « Ossa superstabunt volucres inhumata marinae ».
5	4	cf. Iliad I, 4 αὐτοὺς δέ (Plessis reads *Ipsorum*; LL *Illorum* renders the same).
6	2	… The verb *confiebat* expresses that Greek phrase of Homer, Διὸς δ᾽ ἐτελείετο βουλή, most excellently, and Virgil uses that verb in a similar way, *Aeneid* IV, 116: « nunc qua ratione, quod instat, Confieri possit, paucis, adverte, docebo ». Lucretius also uses it, III, 413: « Id quoque enim sine pernicie confiet eorum »; the same author, IV, 292: « quoniam res confit utroque ».
7	6	(testimonia) Ermenricus, *Letter to Grimald* (AD 850–55), *Mon. Germ. hist. Epist.* V 545, 24: "E is poetically shortened in Homer in the *Iliad*: *Pertulĕrunt ex quo discordia pectora turmas*"
9	2	… And Homer's words require this: ἔριδι ξυνέηκε μάχεσθαι.
11	2	*Pestem in praecordia misit* [sent a plague into their breasts]. Thus in Ovid, *Metam.* VIII, 791, Ceres says of the hunger sent upon Erysichthon: « ea se in praecordia condat Sacrilegi scelerata jube ».
11	6	pestem i.e. amorem Chryseidos (see v. 26) …
12	2	*Implicuit morbo* [entangled in disease]. Truly an inelegant expression, and it offends all the more because almost immediately in v. 14 *implicitus* recurs. Ed.
13	2	… He calls the fillet (*vitta*) the badge of priesthood bound to the head, which had to be solemnly used in the sacrifices and ministries of Apollo, just as the priest of Ceres in Ovid, *Met.* V, 110, is said to be « albenti velatus tempora vitta ». …
15	2	… That Chryses lamented days and nights the author signifies in this passage regarding Chryses, perhaps having imitated Virgil, who says of Orpheus, *Georg.* IV, v. 464: « Ipse cava solans aegrum testudine amorem, Te dulcis conjux, te solo in litore secum, Te veniente die, te decedente canebat ». Homer did not touch upon the duration and perpetuity of the grief; on the contrary, he depicts Chryses walking alone on the shore; what Virgil expressed in Orpheus, our author omitted. Poets, and especially Virgil, are accustomed to describe light or life as hateful (*invisam*) to mourners, as in *Aen.* IV, 631, XII, 177.
17	2	… Barth, *Advers.* LVIII, 14, asserts that these following five verses were written with remarkable talent and judgment, and admires their sweetness. …
21	2	*Ut sibi caussa suae* [That to him as the cause of his own...]. In Ovid, *Met.* VI, 499, Pandion says of his daughter: « Per Superos oro ..... Et mihi sollicitae lenimen dulce senectae Quamprimum (omnis erit nobis mora longa) remittas ».
23	2	*Myrmidones*. Barth *loc. cit.* remarks, not circumspectly enough, that "Myrmidons" is used by this author for all Greeks, although Virgil uses Danai, Argives, Pelasgians for the same; but that this, because novel, cannot please; furthermore, that the case of the Myrmidons is different, since in their name they display an entirely peculiar tribal origin, to extend which to the rest gives the appearance of someone ignorant of history.
26	2	… To the renowned P. Bondam this seems expressed from Ovid, *Heroid.* IV, 70: « Acer in extremis ossibus haesit amor », who also writes in *Metam.* III, 395: « Sed tamen haeret amor ». — *Damnosa libido* [ruinous lust] is from Horace, *Epist.* II, 1, 107.
28	2	*Secat unguibus ora* [tears his face with nails]. Bondam thinks this is owed to Ovid, *Her.* V, 72: « Et secui madidas ungue rigente genas »; the same poet used the phrase *squalida ora* in *Trist.* IV, 2, 34. Below, v. 1017: « arat unguibus ora ».
29	6	tempora … cf. Φ 33 κεφαλήν
31	2	… Our author is accustomed to designate his gods by the name of their office alone, as Jupiter by *rex*, Vulcan by *ignipotens*, Minerva by *armigera*. That the name *Fatidicus* belongs to Apollo because he issues oracles and speaks future things by foretelling is common knowledge. Ovid expressly calls Phoebus so, *Fast.* II, 262, and V, 626. And the title *augur*, which Horace, *Carm.* I, 2, 32, attributes to Apollo, points to the same thing. … For to bear prayers to sacred ears, whether of Princes or of Gods, is a common formula, especially in a later age of Latinity. See what we noted on Calpurnius I, last verse; and ears inclined to suppliants are especially attributed to Apollo. Hence in prayers poured forth to Apollo the exclamation is particularly frequent: as here in Homer, Κλῦθί μευ, so among the Latins, *Audi Apollo*. See Horace, *Carm. Saec.* v. 34. Indeed, among the Spartans Apollo was called τετράωτος [four-eared], and his statue was fashioned with four ears, as Gyraldus noted, *Histor. Deor. Syntagm.* VII, near the beginning.
36	2	… For this word is almost proper and most customary for old age, and especially suited to this passage, where there is discussion of the loss of a daughter. — Thus in *Epitaph. Luceii*, vol. II of this work, p. 263: « Me desolatum, me desertum ac spoliatum Clamarem ». See what we noted on this passage, and on Petronius' *Bellum civile*, vs. 286. Ed.
38	2	… As for the rest, what the author wrote in this and the following three verses, Barth, *Advers.* LVIII, 14, judges to be exceedingly beautiful and worthy of a better age, demonstrating the greatest felicity of talent. But it is also clear, as Bondam and Dussen have already observed, that in them he looked back to and imitated these complaints of Tellus to Jupiter during the Phaethontic conflagration, in Ovid, *Met.* II, 279: « Si placet hoc meruique, quid o tua fulmina cessant, Summe Deum? liceat periturae viribus ignis Igne perire tuo, clademque auctore levare ».
40	2	*Posce sacros arcus* [Demand your sacred bow]. A similar speech of Choroebus to Apollo is found in Stat. *Theb.* I, 651: « Quid meruere Argi? me me, Divum optime, solum Objecisse caput fatis praestabit »; and v. 658: « Proinde move pharetras, arcusque intende sonoros, Insignemque animam leto demitte ».
43	2	*Patitur miseranda cubile* [she, pitiable, endures his bed]. Thus *pati hymenaeos* Virg. *Georg.* III, 60; *pati concubitus* Ovid, *Art. Am.* III, 766; *pati servitium*, the same author, *Art. Am.* III, 486. — And our author perhaps wished to express Homer, who in *Iliad* XVIII, 433 has: καὶ ἔτλην ἀνέρος εὐνήν. Ed.
45	2	*Luctibus infestat Danaos* [He harries the Danai with griefs], that is, vexes, lays waste. Often *infestare* is also used for *infestum facere* [to make hostile / harass]; Sil. Ital. II, 277: « Ductorem infestans odiis ». Ed.
46	2	*Vulgus ruit undique* [The common throng collapses on all sides], that is, falls, perishes dying; as Seneca, *Oedipus* v. 53: « sed omnis aetas pariter et sexus ruit ». Barth *loc. cit.* admits that this description of the slaughter is poetic and vivid. But Bondam and Dussen, along with Barth himself, recognize that it is owed to Ovid. For so Ovid, *Metam.* VII, 611: « Qui lacryment, desunt, indefletaeque vagantur Natarum matrumque animae, juvenesque senesque. Nec locus in tumulos, nec sufficit arbor in ignes ». There may be added Manilius, speaking of the Attic plague, book I, 883 ff., and Seneca in *Oedipus* on the Theban carnage, act I, v. 37 ff., which is also very similar to the passage of Ovid.
49	2	*Patefecerat orbem* [had revealed the world]. And this, as Barth notes, he takes from Ovid, *Metam.* IX, 794: « Postera lux radiis latum patefecerat orbem ».
57	2	*Portus intrare salutis* [to enter the harbors of safety]. On these words Barth writes: "It belongs to a certain corruption of the age that he said *portum salutis intrare* for being freed from the pestilence, in which passage a poet of the greater rank would certainly have written otherwise." "I for my part, whether the author [used] that [phrase suitably or not,] I shall not dispute; the phrase itself can be defended. That *intrare portum* [to enter port] is good enough and customary, no one will deny, and Virgil and Ovid have used it. And *portus salutis* [harbor of safety] is from the same Ovid, who in *Rem. amoris*, v. 610, has: « Inque suae portu poene salutis erat »."
61	2	*Convicia suffert* [He endures reproaches]. Compare below vv. 105 and 537.
62	2	*Confremuere omnes* [All murmured loudly]. The celebrated Bondam observes that this is a hemistich of Ovid, *Met.* I, 199.
63	2	… *invitos amores* [unwilling love], which the vulgate editions have, is correct, because Chryseis was unwillingly with Agamemnon, and he is here said to release her sorrowfully (*aeger*). Propertius, III, 20, 30: « Atridae magno quum stetit alter amor ».
63	6	inuitos … understand: who did not love the king; amores denotes Chryseis herself
65	2	… — *Cunctis notus Ulysses* [Ulysses known to all]. … In Greek Ulysses is called πολύμητις. The author of the *Epitome* seems to have understood this word as if it were πολύμυθος or πολύμνητος, said of one who is on the lips of many, or of whom many tales are told, which he could thus interpret as *cunctis notus*.
67	2	*Sua vela retorsit* [Turned back his sails]. Ovid, *Trist.* I, 1, 84: « Semper ab Euboicis vela retorquet aquis ».
73	2	*Ignibus ignes* [Fires with fires], as Ovid, *Trist.* IV, 3, 65: « compescuit ignibus ignes ». With similar thought Valerius Flaccus, II, 151, from the emendation of Heinsius: « Attamen hos aliis forsan solabere casus Tu thalamis ». Quintilian, *Declam.* II, 3: « Hoc juveni fuit consilium, ut pater, cui matrimonium filiumque abstulerat incendium, residua senectutis alia solaretur uxore ».
76	2	*Munera militiae* [Gifts of warfare]. He would have spoken more correctly had he said *praemia* [prizes/rewards]: for he means Briseis, who had fallen to Achilles as a reward of war, like booty and spoil.
78	2	*Et nisi casta manu* [And had not the chaste goddess with her hand...]. The author of the *Epitome* changes slightly the order and narration of events observed by Homer. Homer relates that Achilles wished to draw his sword against Agamemnon and was restrained by Minerva, before Briseis was taken away from Achilles. Our author speaks of that clash as if it occurred after Briseis was taken away.
79	2	*Turpem caecus amor famam* [Blind love... shameful renown]. This does not seem to be said according to the mind of Homer and the customs of the ancient heroes, who by no means considered it shameful for themselves to be driven into arms by the madness of love on account of a girl. But he seems to have sought the reason for this saying from the words of Achilles, v. 298, in which he asserts—evidently having been warned by Pallas—that he indeed will not fight with his hands for the sake of the girl: Χερσὶ μὲν οὔτι ἔγωγε μαχήσομαι εἵνεκα κούρης.
87	2	… Here our author clearly imitated Ovid, speaking of Ceres suppliant before Jove for her daughter Proserpina, *Met.* V, 513: « Ante Jovem passis stetit invidiosa capillis, Proque meo venio supplex tibi, Jupiter, inquit, Sanguine, proque tuo.
88	4	… cf. Aeneid VIII, 382 and Metam. V, 514 (cited by Plessis for his reading *venio*; LL has *ueni*).
90	2	… As Barth notes *loc. cit.*, Thetis calls her son Achilles her *corpus* [body/flesh], and I consider this a novel expression by the author, not easily to be found in other poets; for it is common for children to be called the *viscera* [entrails/flesh] or *sanguis* [blood] of their parents.
92	2	… The author adds this thought from his own invention; in Homer Thetis speaks no such things. On the other hand, he omits what Thetis chiefly asked of Jove, and which the following expostulation of Juno looks back to, that he allow the Trojans to be victorious so long until the Greeks [the Greeks,] changing for the better, should render the due honor to her son.
94	2	… that is, I shall take care of this matter diligently and constantly. Homer, v. 523: ἐμοὶ δέ κε ταῦτα μελήσεται, ὄφρα τελέσσω. — Our author has reproduced Virgil, *Aeneid* IV, 115: « Mecum erit iste labor »; and he seems at the same time to have looked to the words of Jove to Venus in Virg. *Aen.* I, 256: « Parce metu, Cytherea: manent immota tuorum Fata tibi »; or what Aeolus says to Juno, *Aen.* I, 76: « tuus, o regina, quid optes, Explorare labor, mihi jussa capessere fas est ». The opposite to our author's words is that of Virgil, *Aen.* II, 595: « quonam nostri tibi cura recessit ».
96	6	leues … cf. Virgil, Aen. 11, 595
99	2	… Propertius is cited by Anton de Rooy, book I, 18, 25: « At vos aequoreae formosa Doride natae, Candida felici solvite vela choro ». The daughters of Doris are the Oceanids, as they are called by Virgil, *Georg.* IV, 341. "Yet in this way," says Barth in *Adv.* p. 2753, "Juno foolishly calls Thetis by way of reproach, unmindful that she too is a daughter of Ocean, concerning whom Homer wrote in *Iliad*, book XXIII: Ὠκεανόν τε θεῶν γένεσιν καὶ μητέρα Τηθύν."
100	2	*Ut mihi, quae conjux* [That to me, who am your wife...]. Similarly Juno in Virgil, *Aen.* I, 46: « Ast ego, quae Divum incedo regina, Jovisque Et soror et conjux ». — And with the same emphasis our eminent poet Racine, *Britann.* act I, sc. 2, v. 29: « Moi, fille, femme, soeur et mère de vos maîtres ». Ed.
103	2	… Furthermore, the form of this saying is clearly modeled upon the speech of Venus to Jove in Virgil, *Aen.* I, 253: « Hic pietatis honos? sic nos in sceptra reponis? »
104	2	*Talibus incusat* [With such words she reproaches]: from Virgil, *Aen.* I, 410.
106	2	… and Vulcan is understood. For he intervened between Jove and Juno quarreling, and by encouragement and offering many cups appeased his parents and turned them to cheerfulness. So Hom. *Iliad* I, 571: Τοῖσιν δ᾽ Ἥφαιστος κλυτοτέχνης ἦρχ᾽ ἀγορεύειν. Moreover, Vulcan is called *Ignipotens* by our author and other poets. Below, v. 862: « Illic Ignipotens mundi caelaverat axem »; and Virgil, *Aen.* VIII, 414: « Haud secus Ignipotens, nec tempore segnior illo »; to which must be added that of *Aen.* X, 243: « clypeum cape quem dedit ipse Invictum Ignipotens, etc. » Ed.
109	2	… Virgil, *Aen.* III, 510: « passimque in litore sicco Corpora curamus ».
110	2	*Dona quietis* [Gifts of rest]. Virg. *Aen.* II, 369: « quies ... dono Divum gratissima serpit ». Ovid, *Am.* II, 9, 40: « et somnos praemia magna vocat ». Stat. *Silv.* V, 4, 2: « donis ut solus egerem, Somne, tuis ».
111	2	*Nox erat* [Night was falling / It was night]. Our author could have drawn this briefer description of the night from the more detailed ones which Virgil has, *Aen.* IV, 522 ff. and VIII, 26 f. …
111	6	(testimonia) cf. *Gesta Berengarii* (PMA IV) 1, 127
114	2	*Vade, age* [Go, come!]. Barth *loc. cit.* praises these words as outstanding and worthy of the finest poet. But here he had many passages of ancient poets to imitate, especially of Ovid on the dream sent to Alcyone, *Met.* XI, 586 ff., and of Statius, who imitated Ovid, *Theb.* X, 84 ff. — *Lenissime divum* [Gentlest of the gods]. Ovid, *Met.* XI, 623: « placidissime, Somne, Deorum ». Statius, *Silv.* V, 4, 1: « placidissime Divum », and *Theb.* X, 126: « mitissime Divum ».
116	2	… The author attributes weight (*pondus*) to sleep, just as poets elsewhere also say that people are weighed down (*gravari*), overwhelmed (*opprimi*), or succumb (*succumbere*) to sleep. See Virg. *Aen.* VI, 520; Ovid, *Her.* XII, 49.
119	2	*Cogat in arma viros* [Let him summon the men to arms]. Virg. *Aen.* IX, 463: « Turnus in arma viros armis circumdatus ipse, Suscitat, aeratasque acies in praelia cogit ».
122	2	*Corpus inundatum* [The body flooded / steeped]. Barth *loc. cit.* p. 2752 detects here some kind of affectation that is unworthy of the finest meter in this place. I consider the word *inundatum* to be thoroughly elegant, and formed after that custom of poets by which they elsewhere say *irrigare somnum* [to pour over with sleep] and *soporem irriguum* [refreshing sleep]. See Virg. *Aen.* III, 511; Lucret. IV, 906; Claudian, preface to *VI Cons. Hon.* v. 9.
123	2	*Curarum operumque levator* [Reliever of cares and of labors]. He expresses more briefly what Naso states more expansively, *Met.* XI, 624: « Pax animi, quem cura fugit; qui corda diurnis Fessa ministeriis mulces, reparasque labori ».
126	6	se emerserit … cf. Manilius 5, 198; Avienus, Descr. orb. 126 …
127	2	*Aptare lacertis* [To fit to his arms]. Ovid, *Am.* I, [Ovid, *Am.* I,] 13, v. 14: « Miles et armiferas aptat ad arma manus » [The soldier fits his weapon-bearing hands to arms].
128	2	*Et petere Iliacos* [And to make for the Ilian...]. The author repeats this verse below at v. 160, which he does quite often, following the example of Homer himself, whom he abridges.
128	6	(testimonia) cf. *Gesta Ber.* 3, 37
129	2	… and this is a clear imitation of Ovid, who says of Iris returning from Sleep, *Met.* XI, 632: « remeat, per quos modo venerat, arcus ».
131	6	iussis … cf. Virgil, Aen. 3, 172
132	2	*Remque omnibus ordine pandit* [And reveals the matter in order to all]. Virg. *Aen.* III, 179.
134	6	ducem Ω: they also incite Agamemnon
139	2	*Consiliis illustris Ulysses* [Ulysses, illustrious for his counsels]. Barth praises this, *loc. cit.* p. 2754, and says it beautifully expresses more than one Homeric epithet, such as πολύμητις, πολυμήχανος, and δῖος.
141	2	… *Ardescit ira* [Blazes with anger]; he follows Virgil, *Aen.* IX, 66: « Ignescunt irae, duris dolor ossibus haeret ».
144	2	… *Prudentia Nestoris aevo* [The prudence of Nestor in his age], that is, Nestor prudent by age and experience. Our poet is often accustomed to designate his heroes by abstract terms, [to designate his heroes,] following the example of Homer and others: such as in another place *Nestoris aetas* [the age of Nestor], for Nestor himself; *Menelai ardor* [the ardor of Menelaus]; *Ithaci solertia* [the skill of the Ithacan]; and *virtus Catonis* [the virtue of Cato] in Horace.
145	2	*Compressam miti sedavit* [Calmed, checked with gentle...]. Perhaps taken from these words of Virgil, *Georg.* IV, 86: « Hi motus animorum atque haec certamina tanta Pulveris exigui jactu compressa quiescent ». And Virgil says *sedato pectore* [with calmed breast] in *Aen.* IX, 740.
146	2	*Responsa recordans Temporis illius* [Recalling the prophecies of that time]. The distinguished Bondam, page 144, thinks this is fashioned after these words of Ovid, *Met.* [XIII,] 280: « quanto cogor meminisse dolore Temporis illius, quo Graium murus Achilles Procubuit ».
148	2	… There is scarcely any doubt that the author here had in mind Ovid, *Met.* XII, 15: « Nidus erat volucrum bis quatuor arbore summa, Quas simul et matrem circum sua damna volantem Corripuit serpens ». …
151	2	… In Homer the speech is Ulysses', *Iliad* II, 331: Ἀλλ᾽ ἄγε, μίμνετε πάντες ἐϋκνήμιδες Ἀχαιοί, which our author attributes to Nestor.
152	2	*In decimo labor est* [In the tenth is the toil], that is, the toil foretold and appointed for us falls at last in the tenth year, in which we may capture Ilion. Yet I would almost prefer to read *In decimum annum usque labor*, that is, we must toil. For he means that the war is to be delayed to that year, until Ilion is captured. Virgil is accustomed to speak thus, as in *Aen.* IX, 155: « decimum quos distulit Hector in annum »; and XI, 289: « Hectoris Aeneaeque manu victoria Graium Haesit, et in decimum vestigia rettulit annum ».
154	2	*Nestoris aetas* [The age of Nestor], that is, aged prudence, or the aged Nestor.
156	2	… the same has *aptare*. Virg. *Aen.* X, 258: « sociis edicit, signa sequantur, Atque animos aptent armis: pugnaeque parent se ».
160	2	… Verse 128 is repeated. …
161	2	*Quid enim non ordine nostis?* [For what do you not know in order?]. Similarly Maro, *Aen.* VII, 645, and IX, 529: « Et meministis enim, Divae, et memorare potestis ».
166	2	*Adspiretque libens operi* [And may he breathe favorably upon the work]. Virg. *Aen.* IX, 525: « Vos, o Calliope, precor, adspirate canenti ». Ovid, *Met.* I, 3: « Di coeptis ... adspirate meis ». — For the rest, this enumeration of the armies is practically customary for all epic poets since Homer. One should consult especially his happy imitator and rival, Virg. *Aen.* VII, 641; and among more recent poets, Torquato Tasso, *Gerus. lib.* c. I, st. 36. Ed.
167	2	… because by Homer in the Boeotia [Catalogue of Ships], verse 1, Πηνέλεως καὶ Λήϊτος are joined together. From this name the copyists erroneously made the better-known *Laertius*, that is, Ulysses.
167	4	Leitus … (cf. Iliad II, 494).
169	4	Boeoti (ibid., 495 and 509). …
174	2	… *Menelai ardor* [The ardor of Menelaus], that is, the fiery Menelaus.
177	2	*Gemina cum prole suorum* [With twin offspring of his own]. That he writes that Nestor arrived with two sons he does not have from Homer, but perhaps from Dictys of Crete, who in Book I, chap. 13 says: « Nestor cum Antilocho et Thrasymede, quos ex Anaxibia susceperat, supervenit ».
178	2	… for Homer, *Iliad* II, 602, attributes ninety ships to him.
179	2	… One must read from Homer, *Il.* II, 517: *At Schedius virtute potens et Epistrophus*.
181	2	… For Homer *loc. cit.* sets down forty ships. …
182	2	… But that one must read *Polypoetes atque Leonteus* [that one must read Polypoetes atque Leonteus] is clear from Homer, *Iliad* II, 740 and 745. …
184	2	… whom Homer himself joins with Sthenelus and Diomedes in *Iliad* II, 565. And Dares the Phrygian, chap. 14: « Diomedes, Euryalus, Sthenelus ex Argis », with eighty ships. On the other hand, Eurypylus, whom Homer (v. 736) numbers among the Greek leaders with forty ships, but whom our poetaster does not seem to have named, Bondam thinks was brought in at v. 190, which we ourselves shall note at that verse.
184	4	Euryalus … — duces Kooten rightly retained: cf. Iliad II, 563 ff. ἡγεμόνευε, and, whom Weytingh excellently praises, Aeneid II line 261 "Thessandrus Sthenelusque duces" …
186	2	… Homer assigns them eighty ships; …
187	2	… from Homer, *Iliad* II, 512, who places him next to Ascalaphus. …
190	2	… But I find no son of Abantor in Homer's catalogue. The distinguished Bondam, *Var. lect.* p. 146, thinks Eurypylus, named among the leaders by Homer but not found in our author, is indicated in this verse, and therefore conjectures it was written thus: « Instruxit puppes, totidemque Evaemone natus ». For Eurypylus is called by Homer (v. 736) Εὐαίμονος ἀγλαὸς υἱός [glorious son of Euaemon], and is said to have led the same number of 40 ships. He is also called the son of Euaemon and Opis by Hyginus, *fab.* 94. …
190	4	Euaemone … (cf. Iliad II, 736).
193	2	I wrote *Phidippus et Antiphus* from Homer's *Iliad* II, 678, …
195	2	… not only does Homer nowhere mention this Teucer in his catalogue, but he relates that his brother Telamonian Ajax led twelve ships to Troy, with which our author also agrees in verse 205; but other writers as well, such as Dictys, Book I, chaps. 13 and 17, make Ajax the leader of the ships, and say that his brother Teucer was his companion and ally. Dares the Phrygian clearly states, chap. 14: « Ajax Telamonius ex Salamine adduxit secum Teucrum fratrem ». Hyginus indeed, *fab.* 97, says that Telamonian Ajax brought 12 ships, and his brother Teucer just as many. But different from this is the number of ships which the vulgate reading attributes to Teucer in our author: he is said to have led only three ships; in Homer, however, three ships are attributed to Nireus alone, and he alone is passed over in silence by the epitomator, unless he is to be named in place of Teucer. … For Dictys, I, 17 says: « Nireus ex Syme tres, Podarces et Protesilaus ex Phylaca naves XL ».
195	4	… Bondam and Higt read *Nireus* for *Teucer* (Iliad II, 671 ff.).
196	2	… Homer (*Il.* II, 653) says that he brought nine ships from Rhodes. Dictys *loc. cit.*: *Tlepolemus ex Rhodo aliisque insulis, quae circa eam erant, octo navibus venit*. Dares the Phrygian, chap. 14: « Tlepolemus ex Rhodo navibus numero novem ».
196	4	Tlepolemus … (cf. Iliad II, 653).
197	2	… on the authority of Homer, *Iliad* II, 714, where Εὔμηλος, the son of Admetus, is said to have commanded eleven ships from Pherae. Pherae is a city of Thessaly. Dictys *loc. cit.*: « Eumelus XI Pheris ». Whence Hyginus, who writes that Eumelus was from Perrhaebia, seems in need of correction. Our author, by *minus una nave*, says that he set out (profe-) with one ship fewer, i.e., eleven... "[...profe-]ctum dicit [he says that he set out], because he counts together the ships of the preceding leaders, three of Nireus and nine of Tlepolemus."
197	6	… minus una, namely eleven …
199	2	… For Homer calls Prothous the leader of the Magnetes, and Dictys in the catalogue of heroes who besieged Troy, Book I, 17: « Prothous, Magnes, XL naves ».
199	4	At Prothous … (ibid. 756). … Magnes … (ibid.). …
200	2	… In Ovid, *Trist.* III, perhaps the same Elpenor is mentioned, one of Ulysses' companions, who, when he had been turned into a swine by Circe, and then restored to human shape, while hastening to Ulysses in careless eagerness to flee, fell from a high place and perished. Ed.
202	2	… from Homer's *Il.* II, 638: …
206	2	Guneus led twenty-two ships from Cyphus: Homer, *Il.* II, 648 [748]. …
206	4	Guneus … (Iliad II, 748).
210	2	Menestheus led fifty ships from Athens: Hom. *Il.* II, 552. Dictys and Dares call him Mnestheus, and assign as many ships to him. …
210	4	Menestheus … (ibid. 552).
211	2	*Athenaeus* [the Athenian], because he was the leader of the Athenians. … For he means that Menestheus had as many ships as Achilles was leading, namely fifty; see verse 192. …
212	2	*Et Thalpius* [and Thalpius] I have restored from Hom. *Il.* II, 620. …
212	4	Thalpius … (ibid. 620).
213	2	… Homer joins these men with Amphimachus and Thalpius from Elis, as does Dictys, I, 17.
215	2	Podarces and Protesilaus brought 40 ships from Phylace and the other places over which they ruled: Homer, *Il.* II, 704, and Dictys *loc. cit.* …
217	2	… that is Philoctetes, whom Homer, *Il.* II, 719, writes was in command of seven ships. …
218	2	… Both were physicians, both sons of Aesculapius. And Machaon is mentioned in Virg. *Aen.* II, 263. Ed.
219	2	*Altaque ter denis* [And the deep (seas) with thirty]. The same verse as above, 193. Our author loves to compose the same or similar verses about the same subject, following the example of Homer himself, whom he compiles.
221	2	*Quam mille ducentae* [than twelve hundred], that is, 1186 ships [1200 minus twice seven]: it is Homer's own number. As Barth observes *loc. cit.*, Dictys puts the number of ships coming to Troy at 1117, Dares at 1148. Anne Dacier from Dictys counts the ships of the Greeks as 1153, from Dares 1140; she says that the scholiast on Euripides' *Orestes* counts 1155, Cedrenus 1148, Thucydides and Chrysostom 1200.
226	2	*Totamque in praelia pubem* [And all the youth into battle]. Virgil, *Aen.* VII, 429: « armari pubem, portisque moveri Laetus in arma para ».
227	2	*Portis ... agmen apertis* [the column through the open gates]. Virg. *Aen.* XII, 121: « pilataque plenis Agmina se fundunt portis ».
232	2	*Quales decet Hectoris esse* [Such as befit Hector's]. An Ovidian formula, *Met.* II, 14: « facies non omnibus una, Non diversa tamen: qualem decet esse sororum ». Barth *loc. cit.* judges that this and the following verses concerning Paris should be commended as outstanding, weighty, and briefly encompassing everything necessary.
235	2	… *Polites*, as in Homer, *Il.* II, 701 [791]: …
237	2	*Acamasque* [and Acamas]. Hom. *Il.* II, 823; …
239	2	*Glaucus in armis* [Glaucus in arms]. Homer, at the end of *Il.* II, joins him with Sarpedon, leader of the Lycians, concerning whom our author writes below, v. 249.
240	2	I write *Amphiusque Adrastus* from Hom. *Il.* II, 830; and *Asius*, *ibid.* 838: … whom Homer joins with Hippothous from Larissa, *Il.* II, 842, and whom I have not seen mentioned by our author anywhere else. …
240	4	Amphius … (Iliad II, 830). … Pylaeus … (ibid. 842).
241	2	Amphimachus and Nastes from Caria are joined by Homer, *Il.* II, 870. …
241	4	Nastes … (ibid. 870).
242	2	Hodius and Epistrophus, sons of Minos king of the Halizones: so Dictys, II, 35, and Homer joins the same, v. 856; …
242	4	242, 243, 244: Hodius, Pyraechmes, Mesthles … (ibid. 856, 848, 864).
243	2	… Euphemus, leader of the Cicones, and Pyraechmes, of the Paeonians, are mentioned by Homer, vv. 846 and 848; …
244	2	*Et Mesthles atque Antiphus*, Maeonians: Hom. v. 864. …
245	2	… But our author seems neither to have omitted Hippothous, whom Homer names among the foremost leaders and immediately before Acamas, nor to have placed him anywhere other than in this verse; … because Homer joins Peiros or Peirous with Acamas at v. 844, and Pylaeus has already found a place above.
245	4	Hippothous … (ibid. 840) …
246	2	… Ausonius, *Epitaphia heroum*, epigr. 22, calls the father of Ennomus and Chromius Alcinus (Wernsdorf reads *Alcinoque sati* for LL *Arsinooque*). In Homer the father does not appear, where he simply says that Chromis and Ennomus commanded the Mysians, v. 858. But our author is accustomed to draw many things from other sources.
246	6	Arsinooque … (from Apollod. Epit. 3, 35 p. 199 Wagner) …
247	2	… on the authority of Homer, who at v. 862 joins Phorcys and Ascanius as commanders of the Phrygians. … This Ascanius is to be distinguished from the son of Aeneas, who was at that time still a mere boy.
248	2	*Jovis inclyta proles* [illustrious offspring of Jove]. Ovid, *Met.* IX, 229.
249	2	… Homer does not name this Coroebus, but Virgil calls him the son of Mygdon, and relates that he came to the aid of the Trojans and was killed by Peneleus, *Aen.* II, 341 and 425. Quintus Smyrnaeus (*Calaber*), XIII, 168 seqq., has him slain by Diomedes. In contrast, Homer names Pylaemenes, leader of the Paphlagonians, among the allies of the Trojans, whom our author, unless I am mistaken, has omitted. For more on Coroebus, see the notes by the distinguished C. G. Heyne, Excursus X to *Aen.* II. — Another Coroebus is mentioned by Statius, *Theb.* I, 650. Ed.
249	3	… Coroebus … but neither is this man mentioned by Homer, and Pylaemenes now remains alone unnamed; the scribes imported that one from Virgil; …
249	4	Coroebus … (cf. Aen. II, 342); …
250	2	*Neptunia Troja* [Neptunian Troy]: from Virgil's *Aen.* II, 625, and III, 3.
253	2	… Barth observes on this passage, *Advers.* LIX, ch. 1, that it is the custom of the best writers to call the authors of deadly disasters the disasters themselves. Juvenal of Domitian: « si peste et clade sub illa Saevitiam damnare, et honestum afferre liceret Consilium ». The author of the declamation against Catiline: « vigent enim in illa clade res diversissimae pariter, continentia et libido ». Lampridius in *Elagabalus*: « mirum fortasse cuipiam videatur, quod haec clades, quam retuli, loco principis fuerit ». Seneca of Medea: « Abolere ferro pessimam propera luem ». Claudian of Rufinus, Book I: « quo tanta lues eruperit ortu ». Barth. — And *flamma* [flame] is especially to be preserved for this reason, that it agrees more aptly with the myth of Hecuba, the mother of Paris, dreaming that she had given birth to a firebrand, by which the Troad and all Asia would be laid waste by fire. Ed.
255	2	… The simile made by Homer, *Il.* III, 33 seqq., which our author here expresses very briefly, Virgil, *Aen.* II, 378 seqq., employed of Androgeos: « Obstupuit, retroque pedem cum voce repressit. Improvisum aspris veluti qui sentibus anguem Pressit humi nitens, trepidusque repente refugit ». More briefly Ovid, *Fast.* II, 341: « Attonitusque metu rediit: ceu saepe viator Turbatum viso rettulit angue pedem ». Juvenal, I, 43: « Palleat, ut nudis pressit qui calcibus anguem ».
258	2	*Generisque infamia nostri* [And the infamy of our race]. Ovid, *Metam.* VIII, 97: « o nostri infamia saecli ».
260	2	*Hospitis expugnare toros* [To storm the bed of one's host], that is, to capture and corrupt a wife by solicitation, just as those who, unwilling and resisting, are overcome by entreaties are said to be taken by storm (*expugnari*); in which sense Suetonius used it, Caes. 1, Tiber. 21. In Ovid, Her. XVII, 3, Helen to Paris: « Ausus es, hospitii temeratis, advena, sacris, Legitimam nuptae sollicitare fidem ». Propertius, III, 13, 9: « Haec etiam clausas expugnant arma pudicas ». — Rutilius, Itin. I, 359: « Aurea legitimas expugnant munera taedas, Virgineosque sinus aureus imber emit ». Ed. — On the use of the verb expugnare, Barth has noted more on Statius, Theb. IV, 187.
263	2	*Hic animos ostende* [Show your courage here]. Virgil, Aen. VI, 261: « Nunc animis opus, Aenea, nunc pectore firmo ». …
263	6	armis (i.e. in battle) …
264	2	*Duro Mars milite gaudet* [Mars rejoices in a hardy soldier]. Helen to Paris in the passage cited above [Ovid, Her. XVII], v. 253: « Apta magis Veneri, quam sint tua corpora Marti ».
265	2	*Dum jaceas in amore* [While you lie in love], that is, broken by lust you languish and idle, unfit for warfare. Such is the passage in Virgil, Catal. V, 1: « Jacere me, quod alta non possim, putas, Ut ante, vectari freta, Nec ferre durum frigus, aut aestum pati, Neque arma victoris sequi ».
266	2	… *In hoste* [against the enemy] is opposed to the preceding *in amore tuo* [in your love]. Moreover, in these verses the author seems to have had in mind Virgil, Aen. XI, 371, where Drances says to Turnus: « Scilicet, ut Turno contingat regia conjux, Nos, animae viles, inhumata infletaque turba, Sternamur campis ». And the author of the speech of Achilles in the Parthenon, which we gave above, v. 57: « Scilicet, ut conjux viduo reddatur Atridi, Procumbat vilis Teucrorum victima Achilles ».
269	2	*Populus* [the people], for *exercitus* [the army], as Barth observed, Adv. LIX, 1. Similarly below, vv. 280 and 342.
270	2	*Conferte manus* [Join battle / Engage hand-to-hand]. Virg. Aen. X, 876; XI, 283.
275	2	*Dextramque viri tentare* [And to test the right hand of the hero], to experience by fighting what the strength and right hand of the hero can do. Virg. Aen. II, 334: « vix primi praelia tentant ». … — Tacitus, Germ. XXXIV: « Ipsum quin etiam Oceanum tentavimus ». Ovid, Epist. VII, 121: « bellis peregrina et femina tentor ». Thus *tentare* is used of undertaking and attempt, as *tentare aequor*, *vias*, and the like. See Burmann's note on Val. Flacc. Argon. I, 529. Ed.
277	6	(testimonia) cf. *Gesta Ber.* 2, 3
279	2	… Virgil, Aen. XII, 696, treating of the similar single combat of Turnus and Aeneas: « Discessere omnes medii, spatiumque dedere ». …
280	2	… So Ovid, Met. XII, 147: « positis pars utraque substitit armis ». Virg. Aen. XII, 707: « Armaque deposuere humeris »; and in verse 710: « ut vacuo patuerunt aequore campi ».
285	2	*Nec longum laetabere* [Nor shall you rejoice for long]. Virgil, Aen. X, 740. But this whole phrase is drawn from Ovid, Metam. V, 64: « arcus Arripit, et, Mecum tibi sint certamina, dixit, Nec longum pueri fato laetabere ».
286	2	… In Homer the originator, it is that the victor will have everything. … nor does this writer always adhere strictly to Homer, nor is there anything of the kind in him; but Menelaus addresses Jove himself as he enters upon the fight or duel. …
288	6	forti uenientem … cf. 434; Virgil, Aen. 12, 510 etc.
289	2	*Frementem hastam* [A roaring spear], which, once hurled, makes a sound as it cleaves the air. …
290	2	… According to Homer, Il. III, 360, Paris avoided the spear of the son of Atreus, not the son of Atreus that of Paris. And our author narrates several particulars of this combat differently.
292	2	*Praedonis Phrygii* [Of the Phrygian robber]. The insult *praedo* [robber/ravisher] is frequent against adulterers and abductors of girls, specifically against Paris on account of the abduction of Helen, as in Stat. Achill. I, 45, and against Aeneas on account of Lavinia, in Virg. Aeneid VII, 362: « Perfidus alta petens, abducta virgine, praedo »; and Aen. XI, 484, where he is called « Phrygius praedo ». Pluto is so called on account of the rape of Proserpina in Ovid, Met. V, 521; Fast. IV, 591. …
293	2	*Septemplice tergo* [With a sevenfold hide], which was covered and protected with seven layers of hide. Elsewhere sevenfold shields are usually attributed to heroes. Virg. Aen. XII, 925; Ovid, Met. XIII, 2 and 347.
295	2	*Constitit, et galea galeam ferit* [He stood firm, and helmet strikes helmet]. The distinguished Bondam, loc. cit. p. 153, thinks that these words of Ovid were before the mind of the author when writing this, Met. IX, 43: « eratque Cum pede pes junctus: totoque ego pectore pronus, Et digitos digitis, et frontem fronte premebam ». And indeed here, as in other places, an opportunity grasped by the author for imitating Ovid is apparent, since the narrative of Homer itself did not suggest such things.
297	2	*Corpus collectum* [His body drawn together], that is, drawn back and enclosed within the shield. Virg. Aen. XII, 491: « Substitit Aeneas, et se collegit in arma »; and X, 412: « seque in sua colligit arma ». … — Cf. Cuper, Observ. book I, ch. 12, p. 90. Ed.
297	6	… cf. Virgil, Aen. 12, 491 and 10, 412; armis i.e. shield
298	2	*Non aliter fortes* [Not otherwise the brave...]. This simile is plainly borrowed from Ovid, who in Met. IX, 46, after the words cited above, continues: « Non aliter fortes vidi concurrere tauros, Quum pretium pugnae, toto nitidissima saltu Expetitur conjux ».
300	2	… *Captabant corpora* [they were aiming at the bodies], that is, at an opportune place for wounding the body. — So in Virgil, Aen. XII, 920: « telum Aeneas fatale coruscat, Sortitus fortunam oculis ». Ed. …
302	6	wrongly did recent editions not punctuate after iuvenem
305	2	… and our author himself repeats it below in a complete verse, 968, and has it from an imitation of Virgil, who, recording the same misfortune of Turnus, says in Aen. XII, 741: « Mortalis mucro, glacies seu futilis, ictu Dissiluit »; and Ovid, Metam. V, 171 ff.: « Non circumspectis exactum viribus ensem Fregit, et extrema percussae parte columnae Lamina dissiluit; dominique in gutture fixa est ».
305	6	Dis(s)iluit … cf. Virgil, Aen. 12, 741
314	2	*Contorsit viribus hastam* [Hurled the spear with all his might], are the words of Virgil, Aen. II, 50.
315	2	*Sua quem Venus* [Whom his own Venus...]. For Alexander was her devoted worshipper, whence he called her *sua* [his own]. So he says in v. 871 that its own deities were added to the sea: « Addideratque freto sua numina, Nerea magnum ». Moreover, Venus herself commends Paris, devoted to her, to Helen in Homer, after she rescued him from the hands of Menelaus. Barth, Adv. LIX, 1. That the pronoun *suus* often signifies favorable, appropriate, and advantageous escapes no one versed in the reading of Roman writers, so that it is superfluous to demonstrate this with more examples. Horace, Epod. 9, 30: « Cretam ventis iturus non suis ».
316	2	… Barth observes from this passage that our writer is not accustomed, as other poets do, to lengthen a preceding syllable on account of the following letters *sc* or *st*, and adduces another example from our author, v. 788: *Promachum quoque sternit atrocem*. But I consider that this is done very rarely by good poets, except in the middle of a word. You have an example in Virg. Aen. VI, 687, where however the reading also varies. … on account of our author's customary imitation of Ovid, who says in Met. II, 737: « Pars secreta domus ebore et testudine cultos Tres habuit thalamos ». Moreover, our author spoke of tortoise-shell bedchambers (*thalamos testudineos*) not according to the mind of Homer and the custom of the heroic age, but according to more recent luxury. Nor in this passage of Homer, III, 390, where the bedchamber is also mentioned, is any material indicated. But Pliny, book IX, sect. 13, records that « cutting the shells of tortoises into veneers, and overlaying couches and cabinets with them » was first introduced at Rome by Cornelius Pollio, who lived around the times of Sulla. Before these times, to speak with Juvenal, XI, 93: « Nemo inter curas et seria duxit habendum, Qualis in Oceani fluctu testudo na- [-taret, Clarum Trojugenis factura ac nobile fulcrum ».] Virgil says *varios pulchra testudine postes* [doorposts adorned with beautiful tortoise-shell], Georg. II, 463. — We have seen the tortoise-shell couch (*testudineum lectum*) in vol. II, p. 460 of this work, to which passage Martial, XII, 66 [67], can be added: « Gemmantes prima fulgent testudine lecti ». Ed.
316	6	… cultos … cf. Ovid, Met. 2, 737
321	2	*Vidi puduitque videre* [I saw, and was ashamed to see]. Bondam, p. 154, also points out that this half-verse is from Ovid, Met. XIII, 223, where Ulysses says to Ajax: « Vidi, puduitque videre, Quum tu terga dares ». And anyone who examines and compares these things more carefully will easily see that our author, in writing the *Epitome*, especially looked to this book—in which the contest of Ulysses and Ajax over the arms of Achilles and the principal events of the Trojan War are summarily set forth—and borrowed very many expressions from it.
323	2	*Pulvere crines* [Hair with dust]. Virg. Aeneid XII, 99; Ovid, Metam. VIII, 529.
325	2	*Discuteret* [Should dispel / shatter], just as Frontinus, IV, 7, 31, said « consilia hostium discutere » [to shatter the plans of the enemy]; and Silius Italicus, VII, 153, from the correction of Drakenborch, said « discutere dolos » [to shatter stratagems]. …
326	2	*Fugerat ore color* [Color had fled from her face]. This half-verse is also from Ovid, Her. XI, 27. …
328	2	… — *Pervenit ad aures* [Reached the ears]. So Ovid, Met. V, 256: « Fama novi fontis nostras pervenit ad aures »; and Virg. Aen. II, 81: « Fando aliquid, si forte tuas pervenit ad aures ». Ed.
336	2	… There is no doubt that in these verses the writer looked to the well-known passage of Maro, *Aeneid* VIII, 405: « Optatos dedit amplexus, placidumque petivit Conjugis infusus gremio per membra soporem ».
337	2	… Now Helen is called *Cygneis* because she was believed to be the daughter of Jove transformed into a swan; I do not know whether any other poet has used that name, although the Tyndarid [Helen] is called « cygneo edita Tyndaris ovo » by Virgil, *Eleg. ad Messal.* 27, and Helen herself says in Ovid, *Her.* XVII, 55: « Dat mihi Leda Jovem, cygno decepta, parentem ».
338	2	*Flammas Trojaeque suasque* [Both Troy's flames and her own]. Witty regarding Paris, whose love for Helen was destined to be the ruin of Troy. This expression also seems to rely on that passage of Paris's letter in Ovid, *Heroides* XVI, 45 sq., where Paris interprets the dream of his mother—who before the day of giving birth had seemed to bring forth a burning torch—as referring to the ardour of his own passion that was fatal to Troy: « Arsuram Paridis vates canit Ilion igni; Pectoris, ut nunc est, fax fuit illa mei ».
344	2	*Certamen haberent* [should hold a contest]. The phrase [The phrase] does not seem worthy enough of poetic style, and what occurs in the following verse, *concilium habuit* [held a council], is an unpleasant repetition. Nor does it seem sufficiently defended by the verse of Naso [Ovid], *Met.* XIII, 159: « Ergo operum quoniam nudum certamen habetur ».
346	2	… Virgil used the verb *confundere*, expressing the Homeric συγχέειν more suitably, *Aen.* V, 496: « Pandare, qui quondam jussus confundere foedus, In medios telum torsisti primus Achivos ».
347	2	*Volatile telum* [winged missile] from Virg. *Aen.* IV, 71, and Ovid, *Metam.* VII, 841. …
349	2	… The verb *dissecare* in this connection is less commonly used by other poets, who are accustomed to employ *rumpere* and *lacerare*. See Virg. *Aeneid* XII, 98; Ovid, *Met.* XII, 117.
351	2	… — *Paeoniis herbis* [with Paeonian herbs] is from Virgil, *Aen.* VII, 769. Our author here names Podalirius as treating the wound of Menelaus, but Homer names Machaon, IV, 193. — See the mention of Podalirius above, v. 218. Ed.
352	2	Virgil of Aeneas returning to battle after his wound was healed, *Aen.* XII, 429: « atque opera ad majora remittit » (Wernsdorf reads *Atque iterum in caedes ... mittit*). …
354	2	*Et dolor in pugnam* [And grief (drives them) into battle]. So Virg. *Aen.* VIII, 500: « quos justus in hostem Fert dolor, et merita incendit Mezentius ira ».
355	3	355 sq.: Gesta Berengarii II 180 sq. has them
355	6	355/6: (testimonia) = *Gesta Ber.* 2, 180/1 (*multum hinc illincque*)
356	2	*Sternuntur corpora campis* [Bodies are laid low across the plains]. Virg. *Aen.* II, 364: « Plurima perque vias sternuntur inertia passim Corpora ».
359	2	… Virg. *Aen.* XII, 283: « it toto turbida caelo Tempestas telorum, ac ferreus ingruit imber ». — By an inverse metaphor, Avianus spoke of *pharetratos imbres seu nubes* [quivered showers or clouds], *fab.* XLI, v. 16. Cf. our author, v. 743. Ed.
360	2	… Furthermore, *Antilochus* must necessarily be corrupt, because Antilochus is one of the Greeks, and in this passage the slaughter of Trojans is being discussed. Correctly therefore did Bondam judge, emending on p. 154: « Occidit Antilochi rigido demersus in umbra Ense Thalysiades »; namely Echepolus, from Homer's *Iliad* IV, 458. And this is confirmed by codex H., which writes *Ense Thalacides*. G. 2 has *Chalestiades*.
361	4	Thalysiades … (Iliad IV, 458).
363	2	… Bondam corrected from *Il.* IV, 473, to *Anthemione satum* [sprung from Anthemion].
363	4	Anthemione … (ibid., 473).
364	2	… especially since Homer says this, IV, 480. … Homer says nothing of a hardened weapon (*praedurato telo*), but the author perhaps alluded to that Virgilian phrase, *Aeneid* VII, 524: « Stipitibus duris agitur sudibusve praeustis ». Ovid, *Met.* XII, 299: « sude figit obusta ».
365	2	*Purpuream vomit*, etc. [Vomits purple (life)]. The verse is Virgil, *Aen.* IX, 349. — And in Anth. Lat. Burm. vol. I, p. 45, Epith. Incertae, v. 8: « Nunc animam quoque tu purpuream vomeres ». Ed.
365	6	… cf. Virgil, Aen. 9, 349
367	2	… *Adversum*: thus Ovid speaks, *Met.* XII, 116: « hastam Misit in adversum Lycia de plebe Menoeten ». …
367	6	… conatus … (cf. v. 462 and Ovid, Met. 8, 366) …
369	2	… For the man who is spoken of here is called Leucos in Homer, IV, 491, not Leucon.
371	2	*Et carpit virides moribundus* [And dying he grazes the green (grasses)]. Here I find an unusual phrase for the slain and dying who fall forward to the earth. The Homeric formula is ὀδὰξ ἑλεῖν οὖδας (see *Il.* II, 418; XI, 748), which the Latin poets, at least the ancients, imitate by saying *mordere* and *mandere humum* [bite and chew the earth], or *petere, adpetere ore, morsu, terram* [strike the earth with mouth or bite]. Virg. *Aen.* XI, 418: « Procubuit moriens et humum semel ore momordit »; and ibid. v. 669: « cruentam Mandit humum, moriensque suo se in vulnere versat ». Sil. Ital. IX, 383: « Volvitur ille ruens, atque arva hostilia morsu Adpetit ». But as for anyone who, in that sense, said *carpere dentibus herbas* [to pluck the grasses with teeth] instead of *mordere* or *mandere humum*—which is used by poets of the grazing of cattle—I have indeed hitherto found no one. Yet a similar verse is cited by the grammarian Diomedes, book I, p. 336, from Book XX of Cn. Matius's *Iliad*: « Ille hietans herbam moribundo tenuit ore ».
371	3	cf. Gesta Berengarii II 213 …
371	6	(testimonia) nearly = *Gesta Ber.* 2, 213
372	2	372–373: … The one who is said here to be moved by the fall of his friend, namely Leucos, in Homer is not Atrides, but Ulysses. There Leucos is called Ὀδυσσέος ἐσθλὸς ἑταῖρος, *Il.* IV, 491, and Ulysses, greatly angered at his slaying, advanced into the battle-line and struck Democoon, who confronted him. … — *Teloque trabali*, that is, with a great spear. Virg. *Aen.* XII, 294.
372	3	Since Homer names Ulysses in place of the son of Atreus, …
373	4	Democoonta … (Iliad IV, 499).
374	2	… — *Vagina ensem eripit* [draws the sword from its sheath] is a Virgilian phrase, *Aen.* IV, 579, but hardly suitable for this place; for no other fight is being prepared.
376	2	… because he seems to have expressed Ovid, who in *Met.* V, 84 says: « Et resupinus humum moribundo vertice pulsat »; and in the same work, XII, 118: « Quo plangente gravem moribundo vertice terram ».
376	4	… moribundo … (cf. Metam. V, 83 and XII, 118).
376	6	moribundo … cf. Ovid, Met. 5, 84
377	2	… But if we compare the narrative sequence in Homer, IV, 517, in this place Peiros, son of Imbrasus, struck Diores, son of Amarynceus, with a stone, and the surviving name *Umbrasides*, thoroughly like the truth, shows that our author is speaking of him. …
377	4	Jamque Amarynciden … (Iliad IV, 517).
378	4	Pirous … (ibid. 520).
381	2	… As for the word *scapulas*, which our author uses rather often, no epic poet, so far as I know, has used it; I think because it was considered vulgar and plebeian, since it is especially found among the Comic writers. Our author either knowingly neglected that consideration, [either knowingly neglected that consideration,] or did not know it. — Ovid, however, used it in a lighter subject to designate properly that part of the body, *Art. Am.* III, 273: « Conveniunt tenues scapulis analectides altis ». And Claudian also used this word. Ed.
383	2	*Stratusque super sua palpitat arma* [And stretched out he throbs upon his arms]. Comparable is Virgil, *Aen.* X, 488: « Corruit in vulnus: sonitum super arma dedere ».
390	2	*Tumidumque increscere Martem* [And that swelling war was growing]: perhaps modeled on this passage of Maro, *Aen.* IX, 687: « Tum magis increscunt animis discordibus irae ».
394	2	*Bellica Pallas adest* [Warlike Pallas is at hand]. These words are taken from Ovid, *Met.* V, 47: « Bellica Pallas adest, et protegit aegide fratrem, Datque animos ». — He gives *flagrantia ignibus arma* [arms blazing with fires] to Diomedes after Homer, V, 4, who says that Pallas caused an unwearied fire to radiate from his helmet and shield: Δαῖέ οἱ ἐκ κόρυθός τε καὶ ἀσπίδος ἀκάματον πῦρ. And below, v. 467, our author says of Diomedes: *flagrantibus irruit armis*.
396	2	*Saeva leaena* [Fierce lioness]. Virgil rather frequently uses the comparison of a lion rushing upon flocks, as in *Aen.* IX, 339 sq. and X, 723 sqq. Homer indeed compares the onset of Diomedes to a tor- [-rent, sweeping away bridges, fences, and crops], but our author more often abandons Homer's model and, wherever there is an opportunity, prefers to use the resources supplied by Virgil and Ovid.
400	2	*Virginis armigerae* [Of the armor-bearing maiden]: Pallas. … She is called *armipotens* [mighty in arms] by Virgil, *Aen.* II, 425, and XII, 483.
402	2	… and that it was borrowed from Naso [Ovid] is apparent from *Met.* V, 88: « Sternit, et exstructos morientum calcat acervos »; …
403	2	… *Daretis* [of Dares], whom Homer names as the father of Phegeus and Idaeus, V, 10; …
405	4	Phegeaque … (Iliad V, 9 ff.). …
407	2	… — *Stetit* [stood] is from Virgil, *Aen.* II, 52, on the spear of Laocoon: « stetit illa tremens ». Ed.
408	2	*Ingentem torquet*, etc. [Hurls the huge (spear)], are the very words of Virgil in the cited passage of the *Aeneid*.
409	2	… we have given *Transadigit* [and drives through]. Virgil, *Aen.* IX, 544: « pectora duro Transfossi ligno ».
410	2	*Eminet, et prodit*, etc. [Stands out and comes forth]. Thus Ovid, *Metam.* IX, 127: « terga sagitta Trajicit: exstabat ferrum de pectore aduncum »; and book V, 138: « Torquet in hunc hastam, media quae nare recepta Cervice exacta est, in partesque eminet ambas ». In this sense, a discharged missile that exits through the other side is spoken of by Grattius in *Halieut.* v. 62. — See vol. I, part 1, page 224 of this work. Ed.
411	2	*Calidum de pectore flumen* [A warm river from his chest]. Virg. *Aen.* IX, 414: « Volvitur ille, vomens calidum de pectore flumen »; and book XI, 668: « Sanguinis ille vomens rivos cadit ».
414	2	*Cupit exsistere vindex* [Desires to stand forth as an avenger]. This phrase seems to Barth to smack of barbarism, *Advers.* LVIII, 14, and LIX, 1, p. 2770; and he proves from a certain passage of Alboin the presbyter that medieval writers used the verb *subsistere* in the same way. And indeed that expression makes for a sluggish verse, from which poets of the ancient age seem universally to have refrained. Yet I would not on that account assign it to barbarisms, and perhaps *exsistere* in this passage is put for *exstare*, *eminere*, *conspicuum esse* [to stand out, to be prominent, to be conspicuous]. Concerning the verb *subsistere*, it is more certain that it belongs to the barbarous Latinity of the scholastics. — But *exsistere* in the sense of *fieri* [to become] or *esse* [to be] seems to have been introduced by writers of a later age. For Julius Exsuperantius writes thus: « Facile enim poterant exsistere proditores; quia egestas haud facile habetur sine damno ». And Lactantius Placidus in *Argum. Metam. Ovid.* lib. VI, fab. 3: « Latona questa cum filiis, quod suarum injuriarum ultores non exsisterent ». Ed.
427	2	… we must read *Hodius* from Homer, *Il.* V, 39.
427	4	Hodius … (Iliad V, 39). …
429	2	… And this expresses more fully the verse of Homer, V, 43: Ἰδομενεὺς δ᾽ ἄρα Φαῖστον ἐνήρατο Μῄονος υἱόν. …
430	4	Maeoniden Phaestum … (Iliad V, 43). …
431	2	… — Similarly above, v. 360, *demissus ad umbras*. Ed.
431	4	… Strophio … (Iliad V, 49).
432	4	432-433: Meriones Phereclum (Iliad V, 59), Pedaeumque Meges (Iliad V, 69), …
434	2	I have written *Hypsenora*, as Bondam also advised, p. 158, from Homer's *Iliad* V, 76. …
434	4	… Hypsenora … (Iliad V, 76 ff.).
443	2	… We have also printed this verse and the four following as the celebrated Bondam, pp. 158 ff., restored them to a sound reading with Homer, *Iliad* V, 144–160, as his guide.
443	4	Astynoum, Hypirona … (Iliad V, 144). …
445	4	445-446: Polyidon, Thoonem … (Iliad V, 148, 152).
447	4	… Chromium, Echemona … (Iliad V, 159-160).
451	2	*Qua naris fronti conjungitur imae* [Where the nostril joins the lowest part of the forehead]. This seems to have been borrowed from Ovid, *Met.* XII, 315: « inter duo lumina ferrum, Qua naris fronti committitur, accipit, imae ».
456	2	… Yet I hardly think this verb is found in the active voice in a nobler poet. But this is a mark of a later age, in which those verbal forms that had long been obsolete were accustomed to be recalled into use. — We have seen another example, *contemplaverit*, in the fragment of Nemesianus *De aucupio*, v. 3; vol. I, p. 182 of this work. Ed. — Moreover, the sense of the words *rimabant corpora ferro* [they probed their bodies with the sword] is: they were watching and testing on what part or in what place they might inflict a wound on the adversary; and verse 458 makes this clearer, and then in verse 591 the same formula is repeated more fully. … Similarly Saleius Bassus in *Carm. ad Pisonem*, v. 171: « Et nunc vivaci scrutaris pectora dextra, Nunc latus adversum nec opino percutis ictu ». — Silius indeed seems to describe this act of probing and observing more brilliantly, XIII, 163: « At non idem animus Rutulo; spectatur, et omni Corpore perlustrat, qua sit certissima ferro In vulnus via, nunc vibrat, nunc comprimit hastam, etc. » Ed.
461	2	… For the rest, our author adapted almost this entire passage [ῥῆσιν] to his own use from Virgil, *Aen.* XII, 896 ff.: « Nec plura effatus, saxum circumspicit ingens, Saxum antiquum, ingens, campo quod forte jacebat: Vix illud lecti bis sex cervice subirent ». Homer speaks much more modestly of the size of the stone that Diomedes was throwing, V, 303, saying that it was a stone that two men of the present age could not carry.
461	6	… cf. Virgil, Aen. 12, 899
465	6	Accipit … but cf. Thes. I 311, 44 …
466	2	… Barth, *Adv.* p. 2770 end, judges that the following verses are to be praised as most elegant.
466	6	… non tulit … animis: cf. Virgil, Aen. 8, 256 (Vollmer reads *animis*; LL *animo*) …
467	2	*Flagrantibus armis* [With blazing arms]. See the note to verse 394.
469	2	… because Homer relates it thus, *Il.* V, 337, … Diomedes confesses the same thing about himself in Virgil, *Aeneid* XI, v. 276: « quum ferro caelestia corpora demens Adpetii, et Veneris violavi vulnere dextram ». And in Ovid, *Met.* XV, 769, Venus says of herself: « Quam modo Tydidae Calydonia vulneret hasta ».
471	2	… Homer also commands the same; he indeed relates that the wounded Venus asked her brother Mars for a chariot and horses to carry her to heaven, but there complained to her mother Dione, *Iliad* V, 370: Ἡ δ᾽ ἐν γούνασι πῖπτε Διώνης δῖ᾽ Ἀφροδίτη Μητρὸς ἑῆς. …
474	3	474—482: Gesta Berengarii I 195–202 has them
474	6	474—481: (testimonia) = *Gesta Ber.* 1, 195–202 (476 *in aequore cursu*)
477	2	… Similarly Virgil, *Aen.* XII, 329: « Semineces volvit multos, aut agmina curru Proterit ».
479	2	*Quadrupedis tergo* [from the back of his four-footed beast]. If the author understands a rider falling from his horse on account of a wound, he wrote contrary to the sense of Homer and contrary to the custom of the writers on the Trojan War, who know no horsemen in battle, but present heroes fighting from chariots. A similar error also occurs below in verse 496, where Agamemnon *sublimis equo volat agmina circum* [high on horseback flies around the ranks]. To be sure, a passage of Homer, *Il.* X, 513, can be cited in favor of horse-riding; but because he says ἵππων ἐπεβήσατο, horses yoked to a chariot can comfortably be understood. Wernsdorf in the Addenda.
481	2	… Similarly Virg. *Aen.* IX, 753: « Collapsos artus atque arma cruenta cerebro Sternit humi moriens ».
482	6	(testimonia) = *Gesta Ber.* 1, 204 f.
485	2	… perhaps there hovered before his mind that half-verse of Virgil, *Aen.* X, 513: « Proxima quaeque metit gladio ».
486	2	*Spes una Phrygum* [the sole hope of the Phrygians], a frequent eulogy of Hector. Pentadius in the Tomb of Hector: *Occubuere simul spesque salusque Phrygum*; and below, our author, v. 931: « Unus, tota salus in quo Trojana manebat, Hector adest ». — And especially Virgil, *Aen.* II, 281: « O lux Dardaniae! spes o fidissima Teucrum! » Ed. — Moreover, Barth, *Adv.* p. 2771, declares that these and the following lines were admirably written.
488	2	… This description of a wolf rushing upon flocks is altogether neat and vivid (ἐνεργὴς), especially on account of the concluding words. I would have preferred, however, that he had put a lion instead of a wolf. For the latter's force is not so fearless and heedless of guards as is described here, as is that of a lion, and Virgil skillfully describes the wolf as treacherous rather than brave, *Aen.* XI, 810 ff. In Barth's judgment, p. 2771, the author took considerable pleasure in this comparison, so that a little later he repeated a similar one of a lion. In this he might seem to have acted wrongly and indulged in too much luxuriance, were it not that he did this in imitation of Homer himself, who in two passages not far apart compares Diomedes to a lion rushing upon cattle, *Iliad* V, 136 and 161. That comparison is frequent in Virgil, as in Homer himself; see *Aen.* IX, 339 ff. and X, 723 f. Cf. the tigress in Ovid, *Metam.* V, 164 f.
488	6	488—490: (testimonia) *canum* = *Gesta Ber.* 2, 163–5
489	3	489—91: canum are in the Gesta Berengarii II 163–65
489	6	… I punctuated after ipse; usually they punctuate after comes
490	2	… — Moreover, Valerius Flaccus speaks similarly to this, VI, 615: « nec caede moratur in una Turbidus, inque omnes pariter furit ». Ed.
494	2	*Adtolluntque animos* [and lift their spirits] is from Virgil, like the preceding *Deficiunt* [they fail], *Aen.* XII, 2, 4. — *Geminat victoria vires* [victory doubles their strength], a weighty expression, which he repeats in verse 765.
500	3	500—504: : cf. Gesta Berengarii I 207–210
500	6	500—508: (testimonia) nearly = *Gesta Ber.* 1, 208–10 (500 *cernit*, 502 *Attollens*)
502	2	*Adtollit cervice jubas* [he raises the mane on his neck]. Virgil, *Aen.* X, 726, of a lion: « Gaudet hians immane, comasque arrexit ». Lucan, I, 209: « Erexitque jubam ». Similarly Olympius Nemesianus, *Laud. Hercul.* 93: « Excussis movet arma toris ».
507	2	*Et spes exacuit* [and hope sharpens]. Virg. *Aen.* X, 263: « spes addita suscitat iras: Tela manu jaciunt ».
509	2	… Virg. *Aeneid* XI, 889: « immissis pars caeca et concita frenis Arietat in portas ». Ovid, *Met.* I, 280: « Fluminibus vestris totas immittite habenas ».
512	2	*Error* [a miss]. Ovid, *Metam.* XII, 83: « quamquam certa nullus fuit error in hasta ».
512	6	detulit Schrader from Ovid, Met. 5, 90 …
513	2	*Stomachoque infigitur* [and is fixed in the stomach]. Virgil, *Aen.* IX, 698: « volat Itala cornus Aera per tenerum, stomachoque infixa sub altum Pectus abit ».
513	6	alto … but cf. Virgil, Aen. 9, 699
514	2	*Media inter lora* [amidst the reins]. Virg. *Aen.* XII, 468: « Aurigam Turni media inter lora Metiscum Excutit ».
517	4	Crethona … (Iliad V, 541 ff.).
518	2	Homer *loc. cit.* requires *Orsilochum*; …
518	4	518, 520: Orsilochum, Antilochique Mydon … (Iliad ibid. and 580).
520	2	*Antilochique Mydon*: Bondam demonstrated from Homer that this is the reading. …
523	2	That we must read *Tlepolemus* from Hom. *Il.* V, 628 is evident, …
523	4	Tlepolemus … (Iliad V, 628).
525	2	*Tenuemque daret de corpore vitam* [and yielded the faint breath of life from his body], that is, gave up the ghost. He calls it *tenuem vitam* according to the mind of those whom Virgil praises in *Georg.* IV, 223, who said that each soul of living beings is a particle of the world soul, and returns thither through death. « Hence, he says *loc. cit.*, each one for itself at birth draws a slight breath of life [« Quemque sibi tenues nascentem arcessere vitas »] ». And *Aen.* IV, 705: « omnis et una Dilapsus calor, atque in ventos vita recessit ».
527	2	Ulysses is called *fraudis commentor* [contriver of deceit], as if this were his craft, says Barth, *Adv.* LIX, 15, of the kind constantly attributed to him by Homer and other ancients. Virgil, *Aen.* II, 164: « scelerumque inventor Ulysses »; and our author repeats the same below, v. 579. Similarly Ovid regarding him, *Met.* XIII, 31: « quid sanguine cretus Sisyphio, furtisque et fraude simillimus illi », whose fabrications (*commenta*) he also notes presently in v. 38. Hence also, as Dussen notes on verse 65 of our author, Ulysses is called φὼρ [thief] in the second Altar of Dosiadas, as Salmasius shows at greater length in his notes, p. 156.
528	2	*Et septem juvenum* [And of seven youths], the Lycians whom Homer enumerates, *Il.* V, 677: Coeranus, Alastor, Chromius, Alcander, Halius, Noemon, and Prytanis.
529	2	Dussen, p. 29, prefers to read *columen* [pillar/support], which is indeed exceedingly fitting for Hector and most appropriate to that other eulogy which our author attributed to him above, v. 486, *spes una Phrygum* [the sole hope of the Phrygians]. Similarly Seneca in *Troad.* v. 126, of Hector: « Columen patriae, mora fatorum, Tu praesidium Phrygibus fessis, Tu murus eras ». — « Graium murus Achilles », Ovid, *Met.* XIII, 281. Lucan, VI, 201, of Scaeva: « stat non fragilis pro Caesare murus, Pompeiumque tenet ». Moreover, what Seneca adds *loc. cit.*, « Tecum cecidit, summusque dies Hectoris idem patriaeque fuit », our author seems to have imitated below, v. 1056. See what was noted by us on Pentadius' Tomb of Hector, vol. II, p. 329 of this work. Ed.
533	2	… *Virago* is frequent and almost proper regarding Pallas. She is called *flava virago* by Ovid, *Met.* VI, 130; *sancta virago*, in the judgment of Barth, *loc. cit.* p. 2806, suggests both chaste and Martial, that is, warlike.
536	2	… He repeats the verse that he used above on a similar matter, v. 471.
537	2	*Jurg. suffert* [endures the rebukes]. See v. 61 and 105.
538	2	Bondam and Dussen *locc. citt.* read *Acamantem* from Homer, VI, 8. …
539	2	… on account of the account of Homer, *Iliad* VI, 37 ff., who relates that Adrastus was thrown from his chariot when his horses were panic-stricken, and having been captured alive by Menelaus standing close by, suppliantly begged him to spare his life; and having at first obtained this, was soon severely wounded by Agamemnon, who rushed up and rebuked Menelaus. … From this you may understand that the author did not have in view here the wretched entreaties of Adrastus, but merely wished to express his fall and capture. …
540	6	(testimonia) *manibus — revinctis* = *Gesta Ber.* 3, 115
541	2	… Furthermore, the author here truncated Homer's narrative through excessive brevity. For he relates only that Adrastus was captured and ordered to be taken to the ships; but he passed over in silence what was most important, that Adrastus was killed by Agamemnon, who reproached Menelaus' clemency.
543	2	*Tergaque nuda tegit* [And covers their bare backs], with shields, I suppose, lest they be slain with impunity. Virg. *Aen.* XI, 630: « Bis rejecti armis respectant terga tegentes » [Twice driven back, they look behind them, covering their backs with weapons].
548	2	… — *Innuptae Minervae* [of unwed Minerva], Virgil, *Aen.* II, 31.
549	2	*Altaria sertis* [altars with garlands]. Namely, to appease the divine powers, says Barth in the cited passage. The ancients employed not only sacrificial victims, but also garlands for encircling altars, and, I might add, shrines as well. Virg. *Aen.* II, 249: « Nos delubra Deum ... festa velamus fronde per urbem »; and IV, 202: « variis florentia limina sertis »; also *Georg.* IV, 276: « Saepe Deum nexis ornatae torquibus arae ».
555	2	*Et unde ferat* [and whence he bears], namely arms: …
557	2	*Te, scelerate* [You, villain!]: this is indeed harsher than accords with the courteous speech of Diomedes in Homer, *Iliad* VI, 123 ff.; … — But Barth, *Adv.* XXV, 15, observes that *sceleratus* is often used for troublesome/grievous and impious; as indeed Virgil said « sceleratum frigus » [*Georg.* II, 256], and Rutilius: « Obruerint citius scelerata oblivia solem » [*De reditu suo* I, 137]. Ed.
559	2	*Veneris quae vulnere dex-* -*tram* all [authorities] give. Barth, *Advers.* p. 2807, teaches that the word *dextram* [right hand] is to be repeated here in this manner: *Vides dextram, quae Veneris dextram vulneravit* [You see the right hand, which wounded Venus's right hand]; and that this is a figure common among poets, by which, when a word in the same construction can apply to two things, they put it only once, yet in such a way that it must be applied in both places. …
565	2	*Ad pectora natum tenet* [holds her son to her breast]. Virg. *Aen.* VII, 318: « Et trepidae matres pressere ad pectora natos ».
570	2	*Juvenis* [warrior/young man] is said of any warrior; here of Hector. — *Posito aere*, having laid aside his bronze helmet.
574	2	… I, however, consider the word *imitetur* more fitting to the character of Hector the father speaking of his son than if he had said *miretur*. That word is too boastful when a father is speaking of himself. But that a son should imitate his father is an admonition worthy of a father. Moreover, the word *imitetur* is necessary because he adds *patrias virtutes* [his father's virtues]. It is fitting to imitate these, whereas one admires rather the person on account of virtues. The writer might rather have had in mind that Virgilian saying by which Aeneas exhorts his son, *Aen.* XII, 435: « Disce, puer, virtutem ex me, verumque laborem, Fortunam ex aliis » [Learn, boy, virtue and true toil from me, fortune from others]. …
579	2	*Fraudis commentor* [contriver of deceit]. He repeated this from verse 527 in the Homeric manner.
586	2	… Our author himself above, v. 25, said *ferum amorem*, and below, v. 639, uses almost the same diction: *Praedaque, quae duros Menelai mulceat ignes*. Here indeed he seems to have imitated Virgil, who in *Georg.* IV, 464, says of Orpheus: « Ipse cava solans aegrum testudine amorem » [He himself consoling his lovesick heart with the hollow tortoise shell].
587	2	*Ergo ubi dejectis* [Therefore, when the lots had been cast...]. He took this from Virgil, *Aen.* V, 490: « Convenere viri, dejectamque aerea sortem Accepit galea » [The men assembled, and the bronze helmet received the cast lot].
591	2	… Our author himself makes clear the meaning of this line below, v. 603: « quaque patebat Nuda viri cervix, fulgentem dirigit ensem ». With similar meaning Virgil, *Aeneid* XII, 920: « telum Aeneas fatale coruscat, Sortitus fortunam oculis ». — Cicero refers to this custom of fighters in *Verr.* V (VII), 71: « Si ullum locum aperuerimus suspicioni aut crimini, accipiendum est statim vulnus ». Ed.
599	2	… Virgil calls them « Fumiferos ignes » in *Aen.* IX, 522; Ovid has « fumificos mugitus » in *Metam.* VII, 114. … But Barth in the cited passage notes that this was crudely expressed by the author, when he says lightning and fires are breathed out by boars. Fires are indeed accustomed to be attributed by poets to horses and bulls (see Nemesianus, *Cyneg.* 255, and Petronius's poem on the witch, v. 11), and even lightning to the boar, yet they do this more moderately than our author. Ovid, *Met.* VIII, 289, of the Calydonian boar: « Fulmen ab ore venit, frondes adflatibus ardent » [Lightning comes from its mouth, foliage burns with its blasts]; and X, 550: « Fulmen habent acres in aduncis dentibus apri » [Fierce boars have lightning in their curved tusks].
612	2	… *Clypeo septemplice* [with sevenfold shield] is according to Ovid, who says in *Met.* XIII, 2: « clypei dominus septemplicis Ajax »; and in v. 346 of the same book: « frustra Telamone creatus Gestasset laeva taurorum tergora septem ». Virgil, *Aen.* XII, 925, of Turnus: « orasque recludit Loricae, et clypei extremos septemplicis orbes » [and lays open the edges of the corselet, and the outermost circles of the sevenfold shield].
615	2	*Integrare* [to renew], as Barth notes, *Adv.* p. 2807, admirably means to restore to its whole state (*in integrum*), to renew; just as he said above, v. 102: « Et Troum renovare velis in praelia vires ». Statius, *Theb.* VIII, 657: « bellum integrabat Enyo ». Seneca, *Medea*, v. 672: « semet dolor Accendit ipse, vimque praeteritam integrat ».
621	2	… Virg. *Aen.* I, 606: « qui tanti talem genuere parentes ».
623	6	… cf. Virgil, Aen. 5, 372
626	2	… Hesione, who is mentioned here, was the daughter of Laomedon, king of Troy, whom Hercules freed when she was exposed to a sea-monster; afterwards, when Troy was taken, he gave her as wife to Telamon, who had been the first to scale the wall. Ovid, *Metam.* XI, 216 ff.
630	2	… He made *balteum* a disyllable after the example of Virgil, *Aen.* X, 496: « rapiens immania pondera baltei ». Ovid speaks of *caelamina clypei* [carvings of the shield], *Met.* XIII, 291.
635	2	… Bondam thinks that Ovid was likewise imitated by the author in this verse, *Met.* XV, 665: « Postera sidereos Aurora fugaverat ignes »; and *Met.* IV, 81: « Postera nocturnos Aurora removerat ignes ». — And the passage of Virgil, *Aeneid* III, 521, could also be cited: « Jamque rubescebat stellis Aurora fugatis ». Ed. — But I rather see here adopted that passage of Virgil, *Aen.* V, 42: « Postera quum primo stellas Oriente fugarat Clara dies, socios in coetum litore ab omni Advocat Aeneas ». …
635	3	: cf. Gesta Berengarii III 90
635	6	(testimonia) = *Gesta Ber.* 3, 90 (*fugaret*)
645	2	… Nor ought *se reddit* to cause offence on the grounds that he was already present, having turned back again. For such a pleonasm is frequent in good writers. Suetonius, *Jul.* ch. 2: « intra paucos rursus dies repetita Bithynia ». Plautus, in the Prologue to the *Poenulus*, 79: « Revertor rursus denuo Carthaginem ».
646	2	… Writers of later Latinity say *confundi* for *perturbari animo* [to be troubled in mind]. Thus Juvenal, *Sat.* III, v. 1: « Quamvis digressu veteris confusus amici ». Pliny, *Epist.* V, 5, 1: « qui nuntius gravi me dolore confudit ». The same, *Paneg.* ch. 86: « Quam ego audio confusionem tuam fuisse, quum digredientem prosequereris ». Below, v. 679, our poet says: « Danai turbati caede suorum ».
646	6	confusi … but cf. v. 679 and H 426; confusi means 'sorrowful'
649	2	… *Robur*, as Barth notes, designates a wooden fence, an oak palisade. And our poet often mentions such an oak rampart, as in vv. 681 and 761.
650	2	… Bondam, *loc. cit.*, notes that this verse was fashioned from this line of Ovid, *Met.* IX, 796: « Postera lux radiis totum patefecerat orbem ». So also Virg. *Aen.* IV, 118: « ubi ortus Extulerit Titan radiisque retexerit orbem ».
660	4	totis gravis imminet armis: [armis seems to be taken of the shoulders... Totis armis Santen understood for "the whole army" KOOTEN] …
660	6	… armis … i.e. copiis; cf. e.g. Ovid, Met. 7, 865
665	2	*Ardentibus armis*, as above, v. 394, he said *flagrantia arma*. Ed.
667	2	… Agelaus son of Phradmon should be placed here, whom Homer records as pierced through the back and chest with a spear by Diomedes, *Iliad* VIII, 258.
667	4	667, 672: Agelaus, Gorgythiona … (Iliad VIII, 257 and 302).
669	2	… Instead of *ense* [sword], *hasta* [spear] should have been said here according to Homer, …
670	2	… recounting that Teucer, protected by Ajax's shield, killed many Trojans with arrows, *Iliad* VIII, v. 266: Τεῦκρος δ᾽ εἴνατος ἦλθε, παλίντονα τόξα τιταίνων. Στῆ δ᾽ ἄρ᾽ ὑπ᾽ Αἴαντος σάκεϊ Τελαμωνιάδαο· and v. 272: ὁ δέ μιν σάκεϊ κρύπτασκε φαεινῷ. …
672	2	… *Gorgythiona* should be read from Hom. *Iliad* VIII, 302, …
674	2	*Quem*, namely Teucer. Ed.
675	2	… by *excusso arcu* [his bow having been struck from him] it is signified that the bow was knocked from Teucer's hands by the blow of the stone hurled by Hector.
676	2	… Ovid has that phrase, *Her.* VI, 135: « Prodidit illa patrem: rapui de caede Thoanta ».
681	2	*Objecto robore* [with the oak barrier thrown across], that is, with an oak bolt thrown across. The whole verse recurs below at v. 930. Verse 759 may also be compared.
683	2	… For Virgil, *Aen.* IX, 160: « Interea vigilum excubiis obsidere portas Cura datur Messapo, et moenia cingere flammis », namely of watch-fires; and ibid. 380: « omnemque aditum custode coronant ».
689	2	*Dextramque hortantur Achillis* [And they urge the right hand of Achilles]. Barth, p. 2807, observes that *dextram* in this place designates pledge of faith (*fides*); he further proves, by adducing many passages of the ancients, that the right hand was mutually given as a sign of friendship, favor, and clemency; likewise that by offering the right hand mutual promises were made, peace settled, and treaties struck. It would take too long to repeat all these well-known matters here. I cite one or two. Valerius Flaccus, II, 639, on Cyzicus: « Ut videt, ipse ultro primus procurrit ad undas, Miraturque viros, dextraque amplexus et haerens Incipit ». The same author in Book III, 14: « manibusque datis junxere nepotes », that is, they established a perpetual alliance for all posterity (though Gronovius there prefers *penates*). Prosper in the book *De Ingratis*: « An dextram, pacis palmam, dare te pudet hosti ». In this passage of our Homerizer, in my opinion at least, *dextra* denotes not only the faith and friendship of Achilles, but also his bravery and warlike might.
690	2	… Dussen, page 36, saw that *Thetideius*, namely the son of Thetis, should be read, and that is correctly placed in other passages of our author, as in v. 892. …
696	2	… Here a new action begins, enacted not on another night but on the same night, as is clear from Homer, and in the following verse *pars tertia noctis* [the third part of the night] is added; the author intended to signify the second part of that night in which the events mentioned above had occurred, and to which he soon subjoins the third. (Wernsdorf therefore rejects *alterius* and reads *Altera transierat tarde labentibus astris*.) …
697	2	… and this is confirmed by Homer's lines from which these were translated, *Iliad* X, 252: Ἄστρα δὲ δὴ προβέβηκε· παρῴχηκεν δὲ πλέων νὺξ Τῶν δύο μοιράων, τριτάτη δ᾽ ἔτι μοῖρα λέλειπται.
700	2	… Virg. *Aen.* IX, 373: « sublustri noctis in umbra ».
700	6	sublustri … (cf. Virgil, Aen. 9, 373) …
706	2	… — *Sensus*, as Barth notes, p. 2808, are counsels, judgment. So frequently in Claudian, as *de III Cons. Honor.* 187: « non corrumpentia sensus Dona valent ». The same author, *de IV Cons. Hon.* 300: « nec sic inflectere sensus Humanos edicta valent, ut vita regentis ». The same author, *de Laud. Stilich.* III, 10: « magnanimum pectus, quo frena reguntur Imperii, cujus libratur sensibus orbis ».
709	2	… Most fitting is what stands in the vulgate editions and in G. 2, *spe percussus inani* [struck by vain hope]. Similarly Cicero, *Tusc.* V, 11: « quodcumque nostros animos probabilitate percussit, id dicimus ». — But to me it seems that hardly anyone can be said to be struck by hope (*spe percuti*). Ed.
710	2	… which designates Dolon, son of Eumedes, and is taken both from Hom. *Il.* X, 314, and from Virg. *Aen.* XII, 346. …
710	4	… Eumedides Schrader (Iliad X, 314).
712	2	*Fidens animo* [confident in spirit], a Virgilian expression, *Aen.* II, 61.
712	6	fidens … cf. Virgil, Aen. 2, 61
716	2	*Perstatis in ira* [you persist in anger]. Ovid, *Pont.* I, 4, 44: « Perstiterit laesi si gravis ira Dei ».
719	2	… Dolon himself relates this to Ulysses in Homer, *Iliad* X, 392. Virgil, *Aen.* XII, 349, says of Dolon: « Qui quondam, castra ut Danaum speculator adiret, Ausus Pelidae pretium sibi poscere currus ». Ovid, in *Ib.* 629: « Qualis equos pacto, quos fortis agebat Achilles, Acta Phrygi timido est, nox tibi talis eat ». An epigram on Dolon in *Anthol. Lat.* I, 95: « Praemia magna Dolon, currum dum poscit Achillis, Prodidit ipse cadens munera magna Dolon ».
723	2	*Per Ditis fluctus* [by the waves of Dis], by the Styx, or by the infernal rivers, as Jupiter swears in Ovid, *Met.* I, 187. Virgil says *Lacus Ditis opacos* in *Culex* 371. This is a formula of entreaty, like the oath in Ovid, *Trist.* II, 53: « Per mare, per terras, per tertia numina juro ».
724	2	*Ne rapere hanc* [do not snatch this away]. Ovid has *eripere animam* [to snatch away life], *Met.* VI, 540.
727	2	… Barth, *Adv.* LVIII, 14, p. 2752, thinks that *Troja* was not very elegantly used for the Trojan chiefs. And yet these words were borrowed from Ovid, *Met.* XIII, 244, where Ulysses relates the same affair: « Ausum eadem, quae nos, Phrygia de gente Dolona Interimo; non ante tamen, quam cuncta coegi Prodere, et edidici, quid perfida Troja pararet. Omnia cognoram ».
728	2	… For I think that the phrase *fauces mucrone recluso ... detrudunt* signifies that Dolon's head, his throat being cut, was severed from his body, in which manner Homer relates that he was beheaded, *Iliad* X, 455 ff. — Thus Juvenal said *jugulos aperire* [to slit the throat], *Sat.* IV. And Horace, *Epod.* XVII, 71: « Modo ense pectus Norico recludere ». Ed. …
729	2	… — And the verb *Detrudunt* seems repeated from Virg. *Aen.* IX, 496: « tuo- -que Invisum hoc detrude caput sub Tartara telo ». Ed. …
732	2	*Exanimant*, for they slaughter with the sword and kill, in the active form, is found rather rarely, I think, among the better writers. …
733	2	*Candore nitentes* [shining with whiteness]. Similarly Virg. *Aen.* XII, 84: « Qui candore nives anteirent, cursibus auras ».
734	2	… because poets are accustomed to compare swift running especially with the East Wind (*Eurus*). See Virg. *Aen.* VIII, 223, and Horat. *Carm.* II, 16, 24; and learned men in Virg. I, 317 wish to substitute *Eurus* for *Hebrus*. …
734	6	… cf. Ovid, Met. 9, 194 …
735	2	… Similarly Virgil, *Aen.* V, 242: « illa Noto citius volucrique sagitta Ad terram fugit ».
737	2	*Nestoris accipit aetas* [the age of Nestor receives them], that is, the aged Nestor is the first to perceive them arriving, and gladly receives them, as can be understood from Homer, X, 532. In another place, v. 144, our author uses the abstract *prudentia Nestoris* [the wisdom of Nestor], where there is talk of giving counsel; here he uses the expression *aetas Nestoris* [the age of Nestor], regarding only his old age, because it especially befits old men to observe and praise the virtues and noble deeds of young men.
737	6	accipit (i.e. hears) …
743	2	… — *Nubem telorum* [a cloud of missiles], if I remember correctly, Maro did not say, except from an antecedent comparison, *Aen.* XI [recte X], 808: « sic obrutus undique telis Aeneas nubem belli, dum detonet, omnem Sustinet ». — But Marius Victor says *densam telorum nubem* in *carm. ad Salmon.* v. 16. See vol. II of this work, …
744	3	… the words et ferrum — 746 acies are in the Gesta Berengarii II 272–74 …
744	6	(testimonia) *ferrum* — 746 *acies* = *Gesta Ber.* 2, 272–4 (745 *stridunt*)
748	2	… In Homer, *Il.* XI, 101, I read that Antiphus and Isus, sons of Priam, were slain by Agamemnon. Whether our Homerist intended to name him or another, I still doubt. …
749	2	… it is apparent that *Pisandrum* and *Hippolochum* must be put, from Homer, *Iliad* XI, v. 122, …
749	4	749, 750: Pisandrum, Hippolochum … (Iliad XI, 122).
750	2	… For … *Iphidamanta*, son of Antenor, should be restored here from Homer's *Iliad* XI, 221.
751	2	… From Homer's narrative, *Iliad* XI, 231 ff., the matter stood. After Agamemnon had slain Iphidamas, his elder brother Coon, deeply grieving at his brother's death and chancing to stand near Agamemnon, strikes the middle of his arm with a spear; but as he was dragging away his brother's body, Agamemnon soon slays him.
752	2	*Antenore natum* [the son of Antenor], namely Coon, brother of Iphidamas.
753	2	*Traxitque ferox cum vulnere poenas*, that is, Agamemnon, although wounded, fiercely continued vengeance, or proceeded to exact it, upon Coon. The Helmstedt MS has *Traxit ... graves cum sanguine poenas*. He seems to have taken the phrase from this passage of Virgil, *Aen.* V, 785: « Non media de gente Phrygum exedisse nefandis Urbem odiis satis est, poenam traxisse per omnes Relliquias ».
759	2	*Firmant Obicibus* [they fasten with bars]. As above, verse 681, « portas objecto robore firmant ».
760	2	… Barth, on the first verse of the *Thebaid*, observes on this and the following verse that the author, by frequently combining the letters *a* and *r*, sought harshness of sound for a terrible event.
767	2	… Indeed, an imitation of Virgil also suggests this, *Aen.* II, 441: « obsessumque acta testudine limen »; and IX, 505: « Accelerant acta pariter testudine Volsci ».
767	6	acta … from Virgil, Aen. 2, 441; 9, 505 …
774	2	… Certainly, Asius, who is named first here, before Amphimachus (the man slain by Hector), is said by Homer to have been killed long after Amphimachus, *Iliad* XIII, 384. Nor does our poet pass over the deed of Idomeneus in this battle, and he mentions next that Alcathous, the son-in-law of Anchises, was slain by him—a slaughter that was more memorable than that of Asius. …
776	2	… for which Dorpius and Dussen correctly restore *Alcathous* from Homer; …
777	2	… and yet Idomeneus, who slew Alcathous, is called the leader of the Cretans by Homer, *Il.* XIII, 221, 259, 274, and in other places. … (Wernsdorf reads *ductor Cretum*; LL has *ductor Rhytieus*, cf. the Cretan town Rhytion, *Il.* II, 648.)
783	6	… cf. Virgil, Aen. 4, 143
787	4	Archilocum … (Iliad XIV, 462 ff.).
790	2	… Through the author's excessive brevity and barren meagerness in narration, it happens that in this passage it cannot be perceived whence so sudden a reversal of affairs occurred, that the Trojans, who a little while before were slain and routed, now rise up more fiercely, and even drive the Greeks to their ships after inflicting great slaughter. Truly, at least briefly, the causes should have been touched upon which Homer invents: that Jove awakened restored courage to the Trojans, dissuaded Neptune from helping the Greeks any further, and that Hector was revived by Apollo and furnished with new strength to renew the fight. If the author had related these inventions of Homer more attentively than mere battles and slaughters, charges and retreats, he would have preserved more of the charm of poetry, and would not have narrated bare chronicle.
800	2	… — *Incendia saeva Sustinet* [withstands the savage flames]. So Ovid, introducing Ajax speaking, *Met.* XIII, 7: « non Hectoreis dubitavit cedere flammis Quas ego sustinui ». Ed.
801	2	*Defendit mille carinas* [Defends a thousand ships]. In Ovid, in the passage cited: « Nempe ego mille meo protexi pectore puppes ».
812	2	… In this verse he seems to have looked to Virgil, *Aen.* IV, 157: « jamque hos cursu, jam praeterit illos ».
821	2	*Nam licet ipse*. Barth proclaims these verses very beautiful, *Adv.* LIX, 15, p. 2808. But in truth the author owes them not to his own talent, but to Ovid's, whom he copied almost word for word, *Metam.* VIII, 394: « Ipsa suis licet hunc Latonia protegat armis, Hunc tamen invita perimet mea dextra Diana ».
827	2	*Et mutua dona* [And mutual gifts]. On these words Barth, *Advers.* LVIII, 14, p. 2752, notes that it is an idiosyncrasy of the author that he calls a blow a gift. But in fact Virgil also spoke thus, *Aen.* X, v. 881: « Desine, jam venio moriturus, et haec tibi porto Dona prius ». — So Catullus in the epigram to Calvus [c. 14, 20]: « Ac te his suppliciis remunerabor »; and Valerius Flaccus, V, 550: « Qui gemitus, irasque pares, et mutua Graiis dona ferant ». Jo. Schrader already pointed this out, *Observ.* I, chap. 3, page 35. So also *gratiam referre* [to return thanks / repay a favor] is said in an unfavorable sense for revenge or retaliation. Terence, *Eun.* V, 3, 2: « qui referam illi sacrilego gratiam ». Ed.
834	2	… Namely, he pierces the youth with his sword after his breast had been bared by Apollo, as he stated in verse 832. For Homer relates that the armor was stripped from Patroclus by Apollo; the Latin Homerist, departing from him, says that it was stripped by Hector.
840	2	… Moreover, here too the author narrates differently from Homer. For according to Homer, Menelaus and Meriones carried the body of Patroclus back to the camp, while Antilochus only carried the message of his death to Achilles.
841	2	… Barth, *Advers.* p. 2752, regards *diverberare aures* [to strike the ears] as an idiom of our author. Yet other writers use similar expressions. In Plautus, *Amphitr.* I, 1, 177: « vox aures verberat »; and Lucan, VII, 25: « tuba verberat aures ». — In a fragment of Petronius, which we cited in vol. II, p. 128 of this work: « subitis rumoribus oppida pulsat ». Ed. — The same author, *Satyr.* ch. 68: « nullus sonus unquam acidior percussit aures meas ».
843	2	… But as to *materno amictu* [with his mother's robe], that is, received from his mother, which our poet says, he has this without doubt from passages of other poets who say that mothers wove garments for their sons going into war, as Virgil of Lausus, *Aen.* XI, 818; Statius of Atys, *Theb.* VIII, 566, and of Parthenopaeus, the son of Atalanta, the same author, IX, 691; and perhaps the same was said somewhere of Achilles. In this passage, however, Homer makes no mention of a maternal garment.
844	2	… I do not know whether we should entirely agree with Barth *loc. cit.*, who regards *deflere de caede* as an idiom of the author, and indeed as an unusual phrase. *Deflere* is to be taken in the sense of weeping abundantly, and fulfilling one's grief by weeping, just as *declamare*, *defatigare*, *detonare*, and similar words are used; while *de caede* is put for *ob* or *propter caedem* [on account of the slaughter]. …
845	2	… The custom of sprinkling oneself with dust in mourning, not only among the Jews (as is well known from Sacred Scripture) but also in use among the Greeks and Romans, although examples of it are rare, is noted by Bernarts on Stat. *Theb.* III, 50; Statius touches upon it rather frequently, especially *Theb.* VI, 30: « sed et ipse exsutus honore Vittarum nexu genitor, squallentiaque ora Sparsus, et incultam ferali pulvere barbam ». — And compare Catullus in *Epithal. Pel.* p. 183, ed. Voss.: « Canitiem terra atque infuso pulvere foedans ». Ed. — Our poet also uses the verb *deformat* according to the custom of the ancients, who are especially accustomed to call those thus sprinkled with dust *informes* [disfigured]. Statius *loc. cit.*: « haustaque informis arena Questibus implet agros ». And Cornelius Severus, on the death of Cicero, v. 16: « Informes vultus sparsamque cruore nefando Canitiem ».
845	6	… cf. Virgil, Aen. 12, 99 …
846	2	*Scindit de pectore vestes* [He tears the garments from his breast]. This custom of all nations of tear- -ing garments in mourning was illustrated by Barth in many places in his commentaries, and especially on this passage of Statius, *Theb.* IX, 353: « Exsiliit furibunda comis, ac verbere crebro Oraque, pectoraque, et viridem scidit horrida vestem ». Compare his notes on Stat. *Silv.* II, 1, 171. One may add Sil. Ital. XIII, 389: « Pulsato lacerat violenter pectore amictus ».
851	2	… For the rest, Barth, *Adv.* p. 2753, thinks that the author intended *violentum* to be taken as an insult and reproach, and therefore seems to have written in an age in which such terms were customarily used less appropriately than was proper. I, however, consider that an insult and reproach are sought here in vain; rather he is reproached as *violentus* [violent] who is bold and reckless, and misuses his strength. Certainly Ovid, whom the writer also seems to have followed here, speaks no differently, *Met.* IX, 121: « Quo te fiducia, clamat, Vana pedum, violente, rapit ». — Nor does Tibullus speak otherwise of Mars himself, IV, 2, 3: « at tu, violente, caveto Ne tibi miranti turpiter arma cadant ». And Ovid, *in Ibin*, v. 20: « At tibi, calcasti qui me, violente, jacentem ». Ed.
852	6	… *victor* stands in hyperbaton (Vollmer marks it with commas: *istis, victor, in armis*)
854	2	… *Accensus furiis* [inflamed with rage], Virgil, *Aen.* XII, 946.
857	2	The Homerist here mentions *Aetnaeos ignes* [Aetnaean fires], imitating Virgil, *Aen.* VIII, vv. 419 ff., not Homer, who knows nothing of a burning Aetna and Vulcan's workshop within it. Thus in Reposianus, *De Concub. Martis et Veneris*, v. 163, Vulcan, in order to forge chains to bind the adulterers, « Antra furens Aetnaea petit ».
862	2	*Illic Ignipotens*, that is, Vulcan. See what we said on verse 106. … He seems to have in view Ovid, *Metam.* XIII, 110: « Nec clypeus vasti caelatus imagine mundi ». …
864	2	… So Ovid, *Met.* II, 6, whom our author without doubt had in view: « Aequora caelarat medias cingentia terras ». Priscian, at the beginning of the *Periegesis*: « Oceanum, tellus quo cingitur aequore tota ». And compare what we said on Lucilius' *Aetna*, v. 93. … Yet *cinctus circum* might have been used by the author with an altered sense for *circumductus* [led around] or *circumfusus* [poured around], and so for *cinctum* perhaps *ductum* or *fusum* might be substituted. Ovid, *Met.* I, 12: « Et circumfuso pendebat in aere tellus ». — The verb *cingere* seems occasionally to be used by poets for *circumducere* [to lead around], *circum adponere* [to place around], or *adjungere* [to attach around]. Thus Silius, VIII, 617: « Non totidem Ilva viros, sed lectos cingere ferrum »; although there they prefer to read *gignere ferrum*, or *stringere*. But Mela seems to have used *cingere* in precisely the same way as our author, Book III, ch. 1: « Restat ille circuitus, quem, ut initio diximus, cingit Oceanus », that is, leads around (*circumducit*). …
865	3	865—67: Gesta Berengarii I 108–110 has them
865	6	865—867: (testimonia) = *Gesta Ber.* 1, 108–110
868	2	… For poets indeed distinguish Lucifer and Hesperus by name, but recognize them as one star. — See what we said in the Excursus to the *Elegia in obitum Maecenatis*, vv. 129–132, vol. II, p. 232 ff. of this work. Ed. — Seneca indicates this clearly in *Hippol.* 750: « Qualis est primas referens tenebras Nuntius noctis, modo lotus undis Hesperus, pulsis iterum tenebris Lucifer idem ». Because they mean that it is the same star, on that account they say that it uses a changing horse (or mounts another horse like a trick rider) when it comes forth as another. Statius expressly, *Theb.* VI, 237: « Roscida jam novies caelo dimiserat astra Lucifer, et totidem Lunae praevenerat ignes Mutato nocturnus equo; nec conscia fallit Sidera, et alterno deprenditur unus in ortu ». Since, therefore, Lucifer and Hesperus are distinguished by changed horses, hence our poet says that each arises with his own horses (*suis equis*), although others, including the Leipzig edition and G. 2, write *aquis* [from the waters], and the distinguished Anton de Rooy, p. 99, wishes to prefer that. Moreover, I observed that in Lucilius' *Aetna* verses are read to which our author seems to allude here. For that poet says in v. 168: « Hinc furtim Borea atque Noto, nunc unus uterque »; and v. 239: « Lucifer unde micet, quave Hesperus, unde Bootes ». Another similar passage of Lucilius we cite on the following verse. From this you might easily draw an argument that Lucilius was read by our author.
869	2	… Lucifer and Hesperus, and then the Moon, are named, but the Sun is not, although it ought especially to have been named and joined with the Moon, as was done in the verses of Lucilius (*Aetna*) and in Homer himself, *Il.* XVIII, 484, whom the author is expressing here (Wernsdorf therefore conjectures *quantus Sol orbe mearet*). …
873	2	*Tritonesque feros* [And wild Tritons]. They are called *feri* [wild/beast-like] because in part they resemble a monster and have fish instead of feet. Thus Claudian calls Triton *ferus* and *semifer*, *De Nupt. Hon.* 138 and 145. …
875	2	*Terra gerit silvas* [The earth bears forests]. In this and the following verse he seems to have had in view and almost expressed these lines of Ovid, *Met.* II, 15: « Terra viros, urbesque gerit, silvasque, ferasque, Fluminaque, et Nymphas, et caetera numina ruris ».
878	2	*Aequus utrisque* [impartial to both], namely to the plaintiff and defendant in each case.
880	3	880—83: , 85, 88 Gesta Berengarii I 64–69 has them (880 unchanged)
880	6	(testimonia) *puellae* — 883 taken into *Gesta Berengarii* 1, 64–67
884	2	… He touches upon the opinion of the ancients concerning the harmony of the stars, which we treated at the beginning of Licentius' poem to Augustine.
885	6	(testimonia) = *Gesta Ber.* 1, 68
888	6	(testimonia) = *Gesta Ber.* 1, 69 (*pendentque*)
889	2	… Concerning the image itself set forth in these verses, see the third Excursus at the end of this poem.
889	6	… armis Ω i.e. on the shield
891	2	… [The author seems] to have allu- [He seems to have alluded to] the hemistich of Virgil, *Aen.* III, 64: « Caeruleis maestae vittis ». — And of the Fates, Catullus, in *Epithal. Pel.* p. 186 Voss.: « At roseae niveo residebant vertice vittae ». Ed.
896	2	… Thus in Maro, *Aen.* V, 809, Neptune says: « Pelidae forti Congressum Aeneam, nec Dis, nec viribus aequis ».
897	2	… But Barth observes on this passage, *Adv.* p. 2809, that the author shortened the syllable in *compar*, according to the custom of later Latinity, just as Prudentius does in *Romanus*: « Meatus unus impar ad laudes Dei ». And Avianus similarly shortened it in two passages, *Fab.* XI, 5: « Dispar erat fragili et solidae concordia motus »; and *Fab.* XVIII, 10: « Tantorum solus viribus impar erat ».
899	2	*Rector aquarum* [the ruler of the waters], Neptune, by whom Aeneas, having engaged with Achilles, was saved and snatched from the combat, as Homer relates, *Il.* XX, 325 ff., and Neptune himself boasts in Virgil, *Aen.* V, 804 ff.
900	2	… Virgil speaks thus and quite frequently, when he says that Troy was brought to Latium, *Aeneid* I, 6; that Troy was to be restored in Italy, *Aen.* III, 504; that Ilium was carried into Italy, *Aen.* I, 68. And Ovid, exactly like our author, *Fast.* IV, 251: « Quum Trojam Aeneas Italos portaret in agros ». — See our edition of Ovid, vol. VI, p. 251. Ed.
901	2	… *Submitteret astris* can be explained from this as 'send into the stars' or 'introduce to the stars through fame and glory'; yet I would prefer to interpret it as meaning that he brought the Augustan race into life and beneath the heavens, just as Virgil speaks of the Augustan line in *Aeneid* VI, 790: « Hic Caesar et omnis Iuli Progenies, magnum caeli ventura sub axem ». … Furthermore, Barth *loc. cit.* deduces, not without reason, from this verse that this poem was written by a Roman, and while Rome was still flourishing under the ruling Augusti. — Wernsdorf reported this opinion of Barth in the *Prooemium* on the *Epitome Iliados*, at the beginning. Ed.
902	2	… Moreover, the Julian clan was called *clara* preeminently (κατ᾽ ἐξοχὴν), because it was considered to have been especially proclaimed by the appearance of the Julian star, or the Dionean star, as Horace and Virgil call it. — Our author calls Aeneas the origin of the Julian race after the manner of Virgil, who says in *Aeneid* XII, v. 166: « Hinc pater Aeneas Romanae stirpis origo »; and *Aen.* I, 286: « Nascetur pulchra Trojanus origine Caesar Julius, a magno demissum nomen Iulo ».
904	2	… and *modus* is repeatedly used for any magnitude or measure, as by Horace, *Sat.* II, 2, 36: « Scilicet illis Majorem natura modum dedit »; and II, 6, 1: « modus agri non ita magnus ».
909	6	… stringuntur … cf. Virgil, Aen. 8, 62
915	6	Expatiatur … (cf. Ovid, Met. 1, 285) …
917	2	… Statius, *Thebaid* II, 671: « Tardatique gradus ». But I see that the verb *praetardo* is absent from the lexicons.
921	2	… that is, sustained, encouraged him. G. 2 has *Imbribus*, *ignibus*, *fluctibus undae*. Juno, moreover, assisted Achilles by rousing Vulcan to his aid to set fire to the banks of the river and the plain.
921	4	… For my part I retained ignibus, on the authority of Kooten: cf. Iliad XXI, 342, 356, 361, 365. …
921	6	… ignibus is to be joined with asseruit (cf. Thesaurus II p. 864); for the hyperbaton cf. natus v. 573, uictor 852
922	2	… In this verse the author indeed touches too briefly upon the quarrels and battles in which the gods and goddesses fight over the Trojans—Mars with Minerva, Neptune with Apollo, Juno with Diana—in Homer, *Iliad* XXI, vv. 385–515.
927	2	… *Vires successus adauget* [success increases his strength] is the same as what he said above in vv. 494 and 765: *geminat victoria vires* [victory doubles strength].
929	2	… — *Exhausta paene salute* [with safety almost exhausted], that is, when they had almost perished, and nearly all hope of safety had vanished. In Virgil it is called « absumpta salus », *Aen.* I, 555.
930	2	See verse 681. Ed.
935	2	… Hence *in caelestibus armis* [in heavenly armor] is to be understood of Achilles' armor forged by Vulcan, just as Maro, *Aen.* XII, 167, says of Aeneas: « Sidereo flagrans clypeo et caelestibus armis ». And Hector was afraid at the sight of Achilles gleaming in his arms, as Homer relates, *Il.* XXII, 136.
936	2	… And that what he asserts is true is easily understood upon inspecting Homer, who records no other apparition of Pallas than that related by our author in verse 947. …
938	2	… Below, in v. 975, he is likewise called *Nereius*; and Saleius, *Carm. in Pis.* v. 164, uses that name. …
939	2	… This verse—which should be punctuated differently from what the editions have and connected with the following lines—contains a simile employed by Homer, *Iliad* XXII, 199 ff., and Virgil, *Aen.* XII, 908, with dreamers who seem to themselves in running either to overtake or to flee another, yet, oppressed with sleep and languid, accomplish nothing. Our author seems to have had an eye to the passage of each, and to have wished partly to imitate them, but did not succeed.
941	2	… The author seems to have wished to express the thought of Maro in the same comparison, *Aeneid* XII, 909: « nequidquam avidos extendere cursus Velle videmur, et in mediis conatibus aegri Succidimus ».
942	2	… *Insistere coepta* here means to continue the flight, to press on in the race, as Virgil said *viam insistere*, *Georg.* III, 164. …
942	6	… I understand: both Hector and Achilles were in danger of their lives
943	2	… For while both heroes fear lest one be overcome by the other, this fear sharpens anger in them and increases the contest. … And perhaps our author had in mind the flight of Daphne pursued by Apollo, described by Ovid, *Metam.* I, 539: « Sic Deus et virgo est: hic spe celer, illa timore. Qui tamen insequitur, pennis adjutus amoris Ocior est, requiemque negat, tergoque fugacis Imminet ».
946	2	… But this is said tautologically (ταυτολόγως) and with little elegance, especially with the word *suprema* placed twice; …
952	2	*Intonat armis* [thunders in arms] is a Virgilian expression, *Aen.* XII, 700.
953	2	*Nequidquam umbone repellit* [in vain drives back with the shield-boss], as Virgil, *Aeneid* II, 545: « rauco quod protinus aere repulsum, Et summo clypei nequidquam umbone pependit ».
954	2	*Mutat congressibus ictus* [varies blows in the clashes], that is, engaging he delivers blows now in one way, now in another. These are alternating clashes, which Naso signifies in *Metam.* IX, 42: « Digredimur paullum, rursumque ad bella coimus ». …
955	2	*Sudor agit rivos* [sweat forms streams]. Virgil, *Aen.* V, 200: « sudor fluit undique rivis », and see v. 804.
956	2	*Collatusque haeret* [and brought close he clings]. Virgil, *Aen.* X, 361: « Concurrunt, haeret pede pes, densusque viro vir ». Yet he had more in mind Ovid, *Metam.* IX, 44: « eratque Cum pede pes junctus: totoque ego pectore pronus Et digitos digitis, et frontem fronte premebam ». …
962	2	… For the discussion is of the Vulcanian armor, which our author stated above at v. 858 to have been crafted from gold. Nor is it uncommon for ancient heroes to bear shields embossed with gold. Ovid, *Metam.* VIII, v. 26: « Seu sumpserat auro Fulgentem clypeum, clypeum sumpsisse decebat ».
963	2	… This seems somewhat abrupt, so that I almost suspect some verse has fallen out. For earlier there was mention of the hurled javelin, now of the *mucro*, that is, the sword. And in *Dissiluit* the author indeed seems to express what happened to Turnus in Virgil, *Aen.* XII, 739: « postquam arma Dei ad Vulcania ventum est, Mortalis mucro, glacies ceu futilis, ictu Dissiluit ». But here a blade that is bent by the gold—that is, blunted or deflected—cannot properly be said to have shattered (namely into pieces), but to have fallen down. …
965	2	… and interpret it to mean: charging together with their swords, they fence for a long time in such a way that they avoid each other's blows in turn and receive no wounds. For afterwards Hector again yields and flees. … … — *Mutare ictus* or *commutare enses* seems to be said in the same manner as « permutare radios » in Claudian, *de Nupt. Hon. et Mar.* v. 86: namely, to brandish and return mutual and crisscrossing blows. Swords and rays equally graze and are grazed in turn, flash and strike back, and are thus "exchanged." Ed.
970	2	… — On the phrase *quid agat?* [what is he to do?], one should compare what was noted in volume II of this work, Eleg. XII, v. 37, p. 301. And just as it is said here, *quae numina supplex Invocet?* [what deities should he as a suppliant invoke?], so above Reposianus, v. 145: « Quod numen poscat? » Ed.
974	6	… alto … cf. Virgil, Aen. 10, 464
976	2	… Here he says *turbatum procul* [driven far in confusion] for what is elsewhere *proturbatum* [driven forth].
982	2	… so that it refers at the same time to the following words *Te Priamus*, which is a beautiful gradation.
987	2	… For our author is accustomed to put *corpus* for a son; see v. 90.
990	2	… and thinks this agrees with the words of Homer, *Iliad* XXII, 346. Following the example of Tydeus biting the head and brain of Melanippus, which Sta- -tius relates, *Theb.* VIII, 755 ff., Barth *loc. cit.* brought together several examples of this unspeakable brutality from history. …
995	2	… Perhaps this was sketched from that passage of Virgil, *Georg.* IV, 489: « Ignoscenda quidem, scirent si ignoscere Manes ». Calpurnius, VIII, 38: « Si sentire datur post fata quietis ».
997	2	… At the words *nondum satiatus* [not yet satisfied], I am reminded of the epigram which is extant in *Anthol. Lat.* book I, 94, and entitled *On the Dragging of Hector*: « Funere turbat equos necdum satiatus Achilles, Hector et exanimis funere turbat equos ». In this epigram I am bothered by the word *turbat*, which anyone will deem wrongly said if he compares our epitomator. For our author says in v. 1000 that Achilles' horses were not troubled or terrified, but rather pranced more proudly and haughtily because of Hector's corpse. Hence perhaps instead of *turbat* one should read *tardat* [slows], after the example of Statius, *Achill.* I, 88: « modo crassa exire vetabit (Achilles) Flamina, et Hectoreo tardabit funere currus ».
999	2	*Ter circum muros victor trahit* [Thrice around the walls the victor drags him]. Here our author once again rendered Homer not from Homer, but from Virgil, who in *Aen.* I, 483, says: « Ter circum Iliacos raptaverat Hectora muros »; but Homer himself writes that, bound to the chariot, he was dragged by Achilles thrice around the mound of Patroclus, not the walls of Troy. Other ancient Greek and Latin poets report that he was dragged around the walls, but they are silent concerning the number three. See Ovid, *Metam.* XII, 591, and *in Ib.* 336. Pierre Bayle, *Diction.* article *Achille*, note H, observes that the author of the *Ilias Latina* is the only one of the poets after Virgil who reports this; and he adds that Ausonius did the same in the *Periocha* of Book XXII of Homer's *Iliad*, and was for that reason criticized by Mariangelus. This agreement between Ausonius and our Homerist on such a singular point is such that we might suppose the author of the Epitome, if not Ausonius himself, was at least the same as the author of the *Periochae*, since the *Periochae* are not attributed to Ausonius with complete certainty.
1000	2	*Fert domini successus equos* [The master's success bears along the horses]. Barth, *Adv.* p. 2809, thinks this is splendidly and Homerically said. For poets make the horses of heroes into a kind of diviners of future events. The same scholar noted similar things on Stat. *Theb.* I, 275, and on the last verse of Book I of Claudian's *de Raptu Proserp.* There is a similar expression in this verse of Claudian, *de Cons. Olybr.* v. 4: « Blandius elato surgant temone jugales ». …
1005	2	*Pompasque ad funera ducit* [And leads solemn processions to the funeral rites]. Virg. *Georg.* III, 22: « solennes ducere pompas Ad delubra juvat ».
1005	6	ad funera … cf. Virgil, Georg. 3, 22
1006	2	Here indeed the vulgate reading says that Hector's limbs were dragged thrice around the tumulus of Patroclus, just as Homer himself has it, *Iliad* XXIV, 16; … because it is probable that later poets, following Virgil, turned the threefold dragging of Hector around Patroclus' tumulus (which Homer relates) into as many rounds about the walls of Troy. Since our author has already indicated these above, he does not seem to have meant them in this place.
1008	2	… The subject is the chariot race, in which Diomedes defeated Meriones, who is here absurdly called *pedibus ferox* [fierce of foot], or *velox* [swift], as is read in the Leipzig edition. (Wernsdorf conjectures *Tydides circi cursu pedibusque ferorum Merionem superat*, with *ferorum* for *equorum*.) …
1011	2	*Superavit Epeus*: thus Dorp and Dussen emended, and so Homer informs us, *Iliad* XXIII, 665. …
1012	2	Polypoetes: from Homer, *Iliad* XXIII, 836. …
1016	2	*Miseranda querelas Infelix* [Unhappy, pitiable in her laments]. Our author is accustomed to double epithets where one is to be interpreted adverbially, as here *miseranda*, that is, *miserandum in modum* [in a pitiable manner]; and the same recurs in verse 1021.
1018	2	*De pectore vestes* [Garments from her breast]. See verse 846.
1019	2	*Tanto spoliata viro* [Robbed of so great a husband]; as in Ovid, *Met.* XIV, 839: « Praecipuum matrona decus, dignissima tanti Ante fuisse viri conjux ».
1020	2	*In uno Hectore caussa Phrygum* [In Hector alone lay the cause of the Phrygians]: as Pentadius, *in tumulo Hect.*: « Occubuere simul spesque salusque Phrygum »; and Ausonius, *Epitaph. Her.* XIV: « Hectoris hic tumulus, cum quo sua Troja sepulta est. Conduntur pariter, qui periere simul ». Cf. vv. 1040 and 1054. …
1023	2	… The author used the same construction above in verse 933.
1028	2	… In Homer, *Iliad* XXIV, 486 ff., Priam's speech is entirely different from this one in our Latin Homerist, who in this passage, as in others, wished to act the poet himself. But in my opinion, it is inferior to that divine passage of Homer: Μνῆσαι πατρὸς σοῖο.
1031	6	… mitissimus … but cf. Ovid, Met. 14, 587
1032	2	… I think nothing should be changed, and with Barth, commentary on Statius, vol. III, p. 394, I explain *adflicti genibus* as driven to your knees, affixed as if by some force. Thus in Suetonius, *Jul.* 20, we read: « ad genua accidere ».
1037	2	… The author seems to have fashioned these words from what the father of the slain Pallas says in Virgil, *Aeneid* XI, 180: « Non vitae gaudia quaero, Nec fas, sed nato Manes perferre sub imos ».
1038	2	… Similar to this is the sentiment of Ovid, *Met.* IX, 179: « diris cruciatibus aegram Invisamque animam, natamque laboribus aufer, Mors mihi munus erit ». …
1039	2	… Barth, *Adv.* p. 2810, clings to the vulgate *de funere*, and thinks that Priam calls himself a corpse (*funus*) after his son has been slain, just as Virgil in the *Ciris* calls a certain old woman a corpse (*cadaver*). Wernsdorf prefers *de corpore*, which is supported both by better manuscripts and by the style of the author, who is accustomed to call a son a *corpus*. Compare verses 90 and 987.
1041	2	*Sortis reminiscere victor Humanae* [Remember human lot, victor]. It is by no means obscure that this sentiment alludes, as do many other things in our author, to the words of Ovid, *Trist.* III, 11, 67: « Humanaeque memor sortis, quae tollit eosdem, Et premit, incertas ipse verere vices ». Ausonius uses these same words borrowed from Ovid in the *Periocha* of *Iliad* XXIV: Jupiter sends Thetis to her son with instructions of this kind, to cease raging against the deceased, and to revere the fate of men in the lifeless enemy; where the last words, which seem faulty or incomplete, can best be corrected by supplying from Ovid's words: *fatique hominum vices ... vereatur*. Indeed, no such thought as our author and Ausonius put forward here is to be read in Homer, as Mariangelus and Vinetus long ago noted on Ausonius. This agreement of both, not only in departing from Homer but also in adopting the Ovidian sentiment, is certainly memorable, and perhaps allows us to suspect that there was a single author for both writings.
1045	2	*Post haec sua dona reportat* [After this he carries back his gifts]. Barth on Statius, *loc. cit.*, doubts whether these words are sound. For by no means in Homer did Achilles return the gifts brought to Priam, but openly attested that on account of the gifts he was returning the body of Hector to him; and hence he wishes to write: *sua dona reportat Achilles, It patriam Priamus*. But I think we should not stumble over this matter, and by *dona* I think the very body of Hector, granted to Priam, is understood.
1045	6	… dona i.e. the body of Hector
1048	2	… Barth, however, on Statius, vol. III, p. 395, challenges Lutatius' reading, and contends that by all means the bodies of Trojans, not Greeks, were cremated with Hector. He thinks the ancients took great religious care that enemies should not be placed into a single pyre: that the corpses of the Greeks were not available to Priam, since it is well known that the Greeks recovered their own dead for burial with the greatest eagerness; moreover, that living bodies could not have been used without great danger of Achilles' anger against an ungrateful Priam. And indeed the author in this matter departed from Homer's account of Hector's funeral, and seems to have fashioned his narrative after Homer's other account of the pyre of Patroclus, *Il.* XXIII, 171, or after that of Maro concerning the funeral offerings made to Pallas, *Aen.* XI, 80 ff. Meanwhile, that reading *corpora Graium*, which is confirmed by the best manuscripts, ought by no means to have been rejected by Barth; and if there is anything false in it, it is the error of the author himself, not of the scribes; nor can I approve all of Barth's reasons on account of which he thinks *Troum* should be read. — The reading *corpora Graium* is also defended by Schrader, *Observationum* book I, ch. 5, page 61. Ed.
1048	3	1048—51: Lactantius cites on Statius Theb. VI 121 (Homer says in the funeral of Hector)
1048	6	1048/50: (testimonia) cited for the matter by Lactantius on Statius, *Thebaid* 6, 121 …
1049	2	… — As to his adding that chariots and trumpets were thrown onto the pyre, that seems completely foreign to Homer, and perhaps unseasonably borrowed from Virgil, who says of the tomb of Misenus in *Aen.* VI, 232: « Imponit suaque arma viro, remumque, tubamque ». But Victor, *De Orig. gent. Rom.* ch. 9, citing that passage of Virgil, noted that on Homer's authority the use of the trumpet was unknown in Trojan times.
1052	2	*Stant circum Iliades* [The Trojan women stand around]. Virgil indicates that this custom was observed at the funerals of Polydorus and Pallas, *Aen.* III, 65 and XI, 35, by this verse: *Stant circum Iliades crinem de more solutae*. Therefore *abrumpere crines* [to tear hair], which our poet uses, is the same as Virgil's *solvere crines* [to loose hair].
1056	2	*Flamma namque Ilion illa* [For Ilion was burning with that flame]. See verse 338.
1061	2	… Virg. *Aen.* VI, 226: « Postquam collapsi cineres, et flamma quievit ». What our poet calls *robora flammae*, I do not know whether anyone else has said; but *robora* can also be understood of the wood piled into the pyre, which, consumed by fire, collapsed into ashes; just as Maro also relates of the pyre of Misenus, *Aen.* VI, 213: « pinguem taedis et robore secto Ingentem struxere pyram ».
1063	2	… — And Sidonius Apollinaris sang similarly, *Carm.* 2: « Siste, Camena, modos tenues, portumque petenti Jam placido sedeat mihi carminis anchora fundo ». Ed.
1064	2	*Calliope*. That the author here addresses the Muse on his own behalf and outside the Homeric poem seems to indicate that in abridging Homer's *Iliad* in Latin he exercised both his own talent and the office of a poet—which I would by no means entirely deny him. — *Moderare carinam* [Steer the vessel]. It is indeed customary for poets to compare their works with navigation, as also with a chariot and team of four horses, as was done by Statius, *Silv.* IV, 4, 99; Nemesianus, *Cyneg.* 59; and Claudian in the preface to Book I of *De raptu Proserpinae*; but this allegory of navigation, which here occupies almost the whole epilogue, makes it not a little probable that the author of this poem is the very same as the author of the epigram on navigation which is extant in *Anthol. Lat.* book III, epigr. 62, and was included by us among the *Testimonia* on this poem, where the author says that he wrote the *Iliad* or Trojan War in a seaside villa, and at the same time compares the perils of the sea with the security of the countryside. On this matter we have said more in the *Prooemium*.
1065	2	… — *Paucis remis* [with few oars] means in a small ship, which uses few oars. Olympius, *Cyneg.* 59: « Dum non magna ratis vicinis sueta moveri Litoribus, tutosque sinus percurrere remis ». — And Claudian, *loc. cit.* (our edition vol. II, p. 182 f. Ed.): « Qui dubiis ausus committere flatibus alnum, Quas natura negat, praebuit arte vias, Tranquillis primum trepidus se credidit undis, Litora securo tramite summa legens ». Ed.
1067	2	*Submitte rudentes* [Lower the cordage]: haul in and lower the sails. It is the same as what Virgil signified in *Georg.* IV, 116: « extremo ni jam sub fine laborum Vela traham, et terris festinem advertere proram ». And Statius, *Silv.* IV, 4, 89, on the completion of the *Thebaid*: « Jam Sidonios emensa labores Thebais optato collegit carbasa portu ».
1068	2	*Sanctaque virgineos lauro redimita* [And holy, bound as to your maiden hair with laurel]. In accordance with his custom, the author adorns the troop of the Muses with a double epithet. — See the notes on vv. 1016 and 1021. Ed.
1069	2	As to our author's having used *lyras* in the plural number, Barth pronounces this not to be Latin, *Adv.* LVIII, 14, p. 2753. I for my part would not dare to decide this. I rather note that *lyra* or *chelys* is not always used of lyric poetry, but also of other poetry, especially epic, as by Statius, *Silv.* II, 2, 114: « Seu nostram quatit ille chelyn, seu dissona nectit Carmina »: he means heroic and elegiac verses. — *Ades, inclyta Pallas*, instead of *adsis*. Ed.
1069	3	Ipsa (= era, namely Calliope) …
1070	2	*Jam, Phoebe, peracto* [now that the course is completed, Phoebus]. With these words he seems to look back to verse 165, in which he had invoked Phoebus. Ed.
