verse	edition	note
1	4	Pelidae (ACHILLES; Achilles): Pelidae: the wrath of the proud son of Peleus
1	4	Diva (DIVA; goddess): (that is, the Muse)
1	6	— (Baebius; Baebius): and the acrostic of vv. 1—8
1	6	Diva (Diva; goddess): Diva 1: the Muse
1	6	Pelidae (Pelides; son of Peleus): -dae . . . superbi 1
2	4	Grais (GRAI; Greeks): Grais: the wrath of Achilles cast deaths upon the wretched Greeks
2	6	Grais (Graius; Greek): Grais 2. 277. 614
3	6	Orco (Orcus; Orcus): animas . . . tradidit Orco 3
6	6	regis (Iuppiter; Jupiter): summi . . . regis 6. 105
8	4	Achilles (ACHILLES; Achilles): nominative, as subject: famous in war, is angry with Agamemnon
8	4	Atrides (AGAMEMNON; Agamemnon): Atrides: the sceptre-bearer, angry with Achilles
8	6	Achilles (Achilles; Achilles): bello clarus -es 8
8	6	Atrides (Atrides (Agamemno); son of Atreus (Agamemnon)): sceptriger -es 8
10	4	proles (APOLLO; Apollo): Proles Jovis et Latonae: offspring of Jupiter and Latona
10	4	Pelasgum (GRAI; Greeks): Pelasgum: Apollo, hostile to the king of the Pelasgians
10	4	Jovis (JUPPITER; Jupiter): Jovis genitive: offspring of great Jupiter (Apollo)
10	4	Latonae (LATONA; Latona): Latonae et Jovis proles: offspring of Latona and Jupiter
10	6	regi (Agamemnon; Agamemnon): Pelasgum . . . regi 10
10	6	Iovis (Iuppiter; Jupiter): gen.: magni proles . . . Iovis 10: Apollo
10	6	Latonae (Latona; Latona): Latonae et magni proles Iovis 10: Apollo
10	6	Pelasgum (Pelasgi; Pelasgians): -um . . . regi 10
12	4	Danaorum (GRAI; Greeks): Danaorum: Apollo entangled the bodies of the Danaans in disease
12	6	Danaorum (Danai; Danaans): -orum 12
13	4	Chryses (CHRYSES; Chryses): weeps for his daughter carried off
13	6	Chryses (Chryses; Chryses): Chryses 13
14	6	natae (Chryseis; Chryseis): cf. raptae . . . natae 14
18	6	fletus (Chryses; Chryses): patrios . . . fletus 18
19	4	Atridae (AGAMEMNON; Agamemnon): Atridae genitive: Chryses, cast down at his knees
19	4	Danaum (GRAI; Greeks): Danaum: Chryses makes for the camp of the Danaans
19	6	Atridae (Atrides (Agamemno); son of Atreus (Agamemnon)): -dae gen.: 19
19	6	Danaum (Danai; Danaans): -um (gen.): 19. 50. 67. 124. 153. 251. 268. 357. 389. 496. 631. 686. 691. 698. 705. 743. 747. 794. 1025
21	6	nata (Chryseis; Chryseis): nata 21. 42
23	4	Chryseida (CHRYSEIS; Chryseis): Chryseida: the Myrmidons think she should be given back to her father
23	4	Myrmidones (MYRMIDONES; Myrmidons): are won over by the tears of Chryses and think his daughter should be given back
23	6	Chryseida (Chryseis; Chryseis): -da 23. 56. 64
23	6	patri (Chryses; Chryses): cf. patri 23
23	6	Myrmidones (Myrmidones; Myrmidons): Myrmidones (i.e. the Greeks) 23
24	4	Atrides (AGAMEMNON; Agamemnon): — refuses to give back Chryseis
24	4	Chrysen (CHRYSES; Chryses): Chrysen: Agamemnon orders Chryses to leave the camp
24	6	Atrides (Atrides (Agamemno); son of Atreus (Agamemnon)): -es 24. 510(?) 663
24	6	Chrysen (Chryses; Chryses): -en 24
27	4	Phoebeia (PHOEBEIUS; of Phoebus): Phoebeia templa: the temples of Phoebus
27	6	sacerdos (Chryses; Chryses): sacerdos 27. 35
27	6	Phoebeia (Phoebeius; of Phoebus): Phoebeia templa 27
31	4	Fatidici (APOLLO; Apollo): Fatidicus Fatidici: Chryses addresses the ears of the prophetic god with his words
31	6	Fatidici (Fatidicus; prophetic): Fatidici . . . aures 31: Apollo's
32	4	Delphice (APOLLO; Apollo): Delphicus Delphice (Chryses complains about his daughter carried off)
32	6	Delphice (Delphicus; Delphic): Delphice 32: O Apollo
35	6	sacerdos (Chryses; Chryses): sacerdos 27. 35
36	6	senectae (Chryses; Chryses): desertae . . . senectae 36
42	6	nata (Chryseis; Chryseis): nata 21. 42
42	6	patrem (Chryses; Chryses): patrem 42
43	6	hostis (Agamemnon; Agamemnon): hostis duri 43
44	6	vatis (Chryses; Chryses): vatis 44
45	4	Danaos (GRAI; Greeks): Danaos: Apollo afflicts the Danaans with griefs
45	6	Danaos (Danai; Danaans): -os 45. 492. 659. 808. 912. 950. 1001
46	4	Grajum (GRAI; Greeks): Grajum: the throng of the Greeks rushes from every side
46	6	Graium (Graius; Greek): vulgus . . . Graium 46
50	4	Achilles (ACHILLES; Achilles): — famous, calls together the leaders of the Greeks so that Calchas may reveal the causes of the plague
50	4	Danaum (GRAI; Greeks): — Achilles calls the chiefs of the Danaans into assembly
50	6	Achilles (Achilles; Achilles): clarus -es 50
50	6	Danaum (Danai; Danaans): -um (gen.): 19. 50. 67. 124. 153. 251. 268. 357. 389. 496. 631. 686. 691. 698. 705. 743. 747. 794. 1025
52	4	Calchas (CALCHAS; Calchas): consults the divinity of the gods
52	4	Thestoriden (CALCHAS; Calchas): Thestorides Thestoriden: Achilles urges the son of Thestor to declare the causes of the plague
52	6	Calchas (Calchas; Calchas): Calchas the seer: 52. 152
52	6	Thestoriden (Thestorides; son of Thestor): Thestoriden 52. 59: Calchas
54	4	Achillis (ACHILLES; Achilles): Achillis: safe under his protection, Calchas discloses the causes of the plague
54	6	Achillis (Achilles; Achilles): -is 54. 689. 719. 806
55	4	Phoebi (APOLLO; Apollo): Phoebi: let us appease the divinity of hostile Phoebus (Calchas speaks)
55	6	Phoebi (Phoebus; Phoebus): infesti . . . numina Phoebi 55. 68
56	4	Chryseida (CHRYSEIS; Chryseis): — let us give her back chaste to her father (Calchas speaks)
56	6	Chryseida (Chryseis; Chryseis): -da 23. 56. 64
56	6	patri (Chryses; Chryses): pio . . . patri 56. 64
57	4	Danai (DANAUS; Danaan): adjective: Danai salutis
57	6	Danai (Danai; Danaans): voc.: 57
58	6	regis (Agamemnon; Agamemnon): rex 58. 134. 691
59	4	Thestoriden (CALCHAS; Calchas): — Agamemnon assails him with bitter words
59	6	Thestoriden (Thestorides; son of Thestor): Thestoriden 52. 59: Calchas
60	4	Achillem (ACHILLES; Achilles): Achillem: Agamemnon accuses the great Achilles
60	6	Achillem (Achilles; Achilles): magnum . . . -em 60. 72. 934
61	6	ducis (Achilles; Achilles): ducis invicti 61
63	6	amores (Chryseis; Chryseis): invitos . . . amores 63
64	4	Chryseida (CHRYSEIS; Chryseis): — Agamemnon gives her back untouched to her father
64	6	Chryseida (Chryseis; Chryseis): -da 23. 56. 64
64	6	patri (Chryses; Chryses): pio . . . patri 56. 64
65	4	Ulixes (ULIXES; Ulysses): known to all, carries Chryseis back to her country
65	6	Vlixes (Vlixes; Ulysses): cunctis notus -es 65
66	6	arces (Chryse; Chryse): (Chryse, the city) patrias ad arces 66
67	4	Danaum (GRAI; Greeks): — Ulysses returns to the fleet of the Danaans when Chryseis has been given back to her father
67	6	Danaum (Danai; Danaans): -um (gen.): 19. 50. 67. 124. 153. 251. 268. 357. 389. 496. 631. 686. 691. 698. 705. 743. 747. 794. 1025
68	4	Phoebi (APOLLO; Apollo): — his divinity is appeased when Chryseis has been given back to her father
68	6	Phoebi (Phoebus; Phoebus): infesti . . . numina Phoebi 55. 68
69	4	Achivis (GRAI; Greeks): Achivis: [strength is restored to the Achaeans]
69	6	Achivis (Achivi; Achaeans): -is 69. 387
70	4	Atridae (AGAMEMNON; Agamemnon): Atridae dative: his passion for Chryseis does not leave him
70	4	Chryseidis (CHRYSEIS; Chryseis): Chryseidis: Agamemnon's passion for Chryseis does not leave him
70	6	Atridae (Atrides (Agamemno); son of Atreus (Agamemnon)): -dae dat.: (-di in part of the manuscripts) 70
70	6	Chryseidos (Chryseis; Chryseis): -dos (-dis trad.) . . . ardor 70
71	6	amores (Chryseis; Chryseis): amissos . . . amores 71
72	4	Achillem (ACHILLES; Achilles): — the same deprives the great Achilles of Briseis
72	4	Briseide (BRISEIS; Briseis): Briseide: Agamemnon deprives Achilles of Briseis
72	6	Achillem (Achilles; Achilles): magnum . . . -em 60. 72. 934
72	6	Briseide (Briseis; Briseis): -ide privat Achillem 72
74	4	Aeacides (ACHILLES; Achilles): Aeacides: fierce, makes for Agamemnon with drawn sword
74	6	Aeacides (Aeacides (Achilles); descendant of Aeacus (Achilles)): ferus -es 74. [844]
75	4	Atriden (AGAMEMNON; Agamemnon): In Atriden: Achilles makes for the son of Atreus
75	6	Atriden (Atrides (Agamemno); son of Atreus (Agamemnon)): -dēn 75
76	6	munera (Briseis; Briseis): See munera militiae 76
78	4	Achillem (ACHILLES; Achilles): — Pallas holds Achilles by the hand so that he may not attack Agamemnon with the sword
78	4	Pallas (MINERVA; Minerva): Pallas nominative: the chaste one holds Achilles by the hand so that he may not make for Agamemnon with the sword
78	6	Achillem (Achilles; Achilles): -em 78
78	6	Pallas (Pallas; Pallas): casta . . . -as 78
80	4	Argolicis (ARGOLICUS; Argive): Argolicis gentibus
80	4	Argolicis (GRAI; Greeks): Argolicae gentes gentibus Argolicis: the love of Achilles would have left a shameful name among the Argive peoples
80	6	Argolicis (Argolicus; Argive): gentibus -is 80
81	4	Pelides (ACHILLES; Achilles): Pelides: invokes the divinity of his mother
81	6	Pelides (Pelides; son of Peleus): Pelides 81
81	6	numina (Thetis; Thetis): cf. aequoreae . . . numina matris 81
83	4	Thetis (THETIS; Thetis): hears Achilles' prayers
83	6	nati (Achilles; Achilles): nati 83. 88. 95
83	6	Thetis (Thetis; Thetis): Thetis 83. 860
84	4	Myrmidonum (MYRMIDONES; Myrmidons): Myrmidonum: Thetis makes for the camp of the Myrmidons
84	6	Myrmidonum (Myrmidones; Myrmidons): -um 84
87	6	regis (Iuppiter; Jupiter): regis 87
88	6	nato (Achilles; Achilles): nati 83. 88. 95
88	6	genetrix (Thetis; Thetis): genetrix 88
89	6	parens (Iuppiter; Jupiter): summe parens 89
90	4	Atrida (AGAMEMNON; Agamemnon): Ab Atrida: Thetis prays that Jupiter may avenge her and her son on the son of Atreus
90	6	pignus (Achilles; Achilles): meum . . . pignus 90
90	6	Atrida (Atrides (Agamemno); son of Atreus (Agamemnon)): -dā abl.: 90
91	4	Achillis (ACHILLES; Achilles): — Thetis prays to Jupiter that the love of Achilles may not have been violated by Agamemnon with impunity
91	6	Achillis (Achilles; Achilles): mei -is (Thetis speaks) 91
93	4	Juppiter (JUPPITER; Jupiter): Juppiter: answers Thetis
93	6	Iuppiter (Iuppiter; Jupiter): Iuppiter 93
94	4	diva (THETIS; Thetis): Add here that Jupiter, addressing Thetis, uses the words « goddess of the great sea »
94	6	diva (Thetis; Thetis): magni diva maris 94
95	6	nati (Achilles; Achilles): nati 83. 88. 95
97	6	sororibus (Nereis; Nereid): See sororibus 97
98	4	Juno (JUNO; Juno): offended
98	6	Iuno (Iuno; Juno): Iuno 98. 894
98	6	coniunx (Iuppiter; Jupiter): optime coniunx 98
99	4	Achilli (ACHILLES; Achilles): Achilli: so much is owed to him (Juno speaks)
99	4	Doride (THETIS; Thetis): Doride nata: the daughter of Doris has so much power (Juno addresses Jupiter)
99	6	Achilli (Achilles; Achilles): -i 99
99	6	Doride (Doris; Doris): -de nata 99
100	6	coniunx (Iuno; Juno): cf. coniunx tua 100
101	4	Achivos (GRAI; Greeks): Achivos: the beloved Achaeans (angry Juno assails Jupiter with words)
101	6	Achivos (Achivi; Achaeans): -os 101
102	4	Troum (TROJANI; Trojans): Troum: may you wish to renew the strength of the Trojans for battle (Juno addresses Jupiter)
102	6	Troum (Tros; Trojan): Troum 102. 281. 339. 357. 438. 631. 641. 701. 963
104	4	Tonantem (JUPPITER; Jupiter): Tonantem: angry Juno assails the Thunderer with words
104	6	Tonantem (Tonans; the Thunderer): -tem 104
105	6	regis (Iuppiter; Jupiter): summi . . . regis 6. 105
106	4	Ignipotente (VULCANUS; Vulcan): Ignipotente interposito: when the Fire-Lord intervenes, the quarrel of Juno and Jupiter subsides
106	6	Ignipotente (Ignipotens; the Fire-Lord): *-nte (omnipot- trad.) 106: Vulcan
107	4	genitor (JUPPITER; Jupiter): Genitor: the Father dismisses the council
107	4	Olympo (OLYMPUS; Olympus): [—]
107	6	genitor (Iuppiter; Jupiter): genitor . . . Olympi 107
107	6	Olympi (Olympus; Olympus): genitor . . . Olympi 107
108	4	Olympo (OLYMPUS; Olympus): Olympo emenso: the sun sets, having traversed Olympus
108	6	Olympo (Olympus; Olympus): sol emenso decedit -po 108
108	6	sol (Sol; the Sun): Sol . . . decedit Olympo 108
113	4	pater (JUPPITER; Jupiter): Pater nominative: the almighty Father calls Sleep
113	6	pater (Iuppiter; Jupiter): pater omnipotens 113
113	6	Somnum (Somnus; Sleep): -um 113
114	6	divum (Somnus; Sleep): cf. lenissime divum 114
115	4	Argolici (AGAMEMNON; Agamemnon): Argolicus dux: « make for the camp of the Argive leader in your flight » (Jupiter addresses Sleep)
115	4	Argolici (ARGOLICUS; Argive): Argolici ducis
115	6	Argolici (Argolicus; Argive): Argolici . . . ducis 115: Agamemnon's
118	4	Titana (TITAN; Titan): Titana: when the day has brought forth the Titan
118	6	Titana (Titan; Titan): cum crastina . . . extulerit -ana dies 118
120	6	Somnus (Somnus; Sleep): Somnus 120
121	4	Agamemnonis (AGAMEMNON; Agamemnon): Agamemnonis: Sleep, sent by Jupiter, flies down into the chamber of Agamemnon
121	6	Agamemnonis (Agamemnon; Agamemnon): -onis 121. 795
123	6	levator (Somnus; Sleep): curarum operumque levator 123
124	4	Atride (AGAMEMNON; Agamemnon): Atride: king of the Danaans (Sleep, sent by Jupiter, speaks)
124	4	Danaum (GRAI; Greeks): — king (Agamemnon)
124	4	Tonantis (JUPPITER; Jupiter): Tonans Tonantis: receive the commands of the Thunderer (Sleep addresses Agamemnon)
124	6	rex (Agamemnon; Agamemnon): and cf. rex Danaum 124. 496
124	6	Atrida (Atrides (Agamemno); son of Atreus (Agamemnon)): voc.: rex Danaum -da (-de in others) 124
124	6	Danaum (Danai; Danaans): -um (gen.): 19. 50. 67. 124. 153. 251. 268. 357. 389. 496. 631. 686. 691. 698. 705. 743. 747. 794. 1025
124	6	Tonantis (Tonans; the Thunderer): mandata Tonantis 124
126	4	Titan (TITAN; Titan): when he has emerged from the waves
126	6	Titan (Titan; Titan): cum . . . Titan se emerserit undis 126
128	4	Iliacos (ILIACUS; of Ilium): Iliacos campos: to make for the plains of Ilium with the army drawn up
128	6	Iliacos (Iliacus; of Ilium): -cos . . . campos 128. 160
130	6	lampas (Sol; the Sun): See ignea lampas 130
131	4	Pelopeius (AGAMEMNON; Agamemnon): Pelopeius heros: calls the leaders together
131	6	Pelopeius (Pelopeius; descendant of Pelops): Pelopeius heros 131. 739: Agamemnon
134	6	rex (Agamemnon; Agamemnon): rex 58. 134. 691
134	6	ducem (Agamemnon; Agamemnon): dux 134. 156. 739
136	4	Thersites (THERSITES; Thersites): than whom no other was uglier or more impudent of tongue, says that the war should not be waged any longer
136	6	Thersites (Thersites; Thersites): Thersites, quo non deformior alter venerat ad Troiam nec lingua protervior ulli 136
137	4	Trojam (TROJA; Troy): Trojam: no one uglier than Thersites had come to Troy
137	6	Troiam (Troia; Troy): venerat ad -iam 137
138	6	oras (Graecia; Greece): See patrias . . . ad oras 138
139	4	Ulixes (ULIXES; Ulysses): — famous for his counsels, strikes Thersites with the sceptre
139	6	Vlixes (Vlixes; Ulysses): consiliis illustris -es 139
144	4	Nestoris (NESTOR; Nestor): Nestoris: the prudence of Nestor, with the skill of age, calms the crowd
144	6	Nestoris (Nestor; Nestor): sollertis prudentia -oris aevo 144
147	4	Aulide (AULIS; Aulis): in Aulide: (a serpent was seen) at Aulis
147	6	Aulide (Aulis; Aulis): visus in Aulide serpens 147
151	4	— (GRAI; Greeks): [vocative, commonly: Nestor speaks]
151	4	Pelasgi (GRAI; Greeks): <vocative: — stay>
151	6	Achivi (Achivi; Achaeans): voc.: 151
151	6	senex (Nestor; Nestor): cf. senex 151
152	4	Calchas (CALCHAS; Calchas): — had foretold the year in which Troy would fall
152	6	Calchas (Calchas; Calchas): Calchas the seer: 52. 152
153	4	Danaum (GRAI; Greeks): — Troy would fall to the victorious arms of the Danaans
153	4	Ilion (TROJA; Troy): Ilion: the day on which Ilium would fall
153	6	Danaum (Danai; Danaans): -um (gen.): 19. 50. 67. 124. 153. 251. 268. 357. 389. 496. 631. 686. 691. 698. 705. 743. 747. 794. 1025
153	6	Ilion (Ilion; Ilium): Ilĭŏn 153. 1056
154	4	Nestoris (NESTOR; Nestor): — his age is praised
154	6	Nestoris (Nestor; Nestor): -oris aetas 154. 737
156	6	dux (Agamemnon; Agamemnon): dux 134. 156. 739
158	4	Titan (TITAN; Titan): — raised his head, shining with rays, from the waves
158	6	Titan (Titan; Titan): nitidum -an radiis caput extulit undis 158
159	4	Atrides (AGAMEMNON; Agamemnon): — keen, orders his comrades to arm
159	6	Atrides (Atrides (Agamemno); son of Atreus (Agamemnon)): acer -es 159
160	4	Iliacos (ILIACUS; of Ilium): — the same
160	6	Iliacos (Iliacus; of Ilium): -cos . . . campos 128. 160
161	4	Musae (MUSAE; Muses): vocative
161	6	Musae (Musa; Muse): Musae voc. 161
164	4	Pergama (TROJA; Troy): Pergama: to Pergama, how many ships each leader of the Greeks brought
164	6	Pergama (Pergama; Pergama): ad Pergama 164
165	4	Apollo (APOLLO; Apollo): may he be our poet's patron
165	6	Apollo (Apollo; Apollo): Apollo 165
167	4	Leitus (LEITUS; Leitus): keen in war, among the leaders of the Greeks
167	4	Peneleus (PENELEUS; Peneleus): makes for Troy with the other leaders of the Greeks
167	6	Leïtus (Leitus; Leitus): bello *Leitus (lertius trad.) acer 167: son of Alectryon, leader of the Boeotians
167	6	Peneleus (Peneleos; Peneleus): Peneleos (-leus trad.) princeps 167
168	4	Arcesilaus (ARCESILAUS; Arcesilaus): fierce, comes to Troy
168	4	Clonius (CLONIUS; Clonius): a Boeotian, makes for Troy with Prothoenor
168	4	Prothoenor (PROTHOENOR; Prothoenor): a Boeotian, among the leaders of the Greeks
168	6	Arcesilaus (Arcesilaus; Arcesilaus): Arcesilaus atrox 168: a Boeotian
168	6	Clonius (Clonius; Clonius): Prothoenorque Cloniusque Boeoti 168
168	6	Prothoënor (Prothoenor; Prothoenor): *Prothoënor Boeotus: 168
169	4	Boeoti (BOEOTUS; Boeotian): — Boeoti (Prothoenor and Clonius)
169	6	Boeoti (Boeotus; Boeotian): plur. Boeoti (-tes trad.) 169
171	4	Agamemnon (AGAMEMNON; Agamemnon): leads a hundred ships
171	4	Mycenaeis (MYCENAEUS; of Mycenae): Mycenaeis moenibus: Agamemnon, born within the walls of Mycenae
171	6	Agamemnon (Agamemnon; Agamemnon): Mycenaeis -on moenibus ortus 171
171	6	Mycenaeis (Mycenaeus; of Mycenae): Mycenaeis . . . moenibus 171
172	4	Graecia (GRAECIA; Greece): warlike, had chosen Agamemnon as its king
172	6	Graecia (Graecia; Greece): bellatrix . . . Graecia 172
174	4	Menelai (MENELAUS; Menelaus): Menelai: the passion of Menelaus made for Troy with sixty ships
174	6	Menelai (Menelaus; Menelaus): -lai . . . ardor 174
175	4	Agapenoris (AGAPENOR; Agapenor): Agapenoris: the fierce wrath of Agapenor
175	6	Agapenoris (Agapenor; Agapenor): ferox Agapenoris ira 175: an Arcadian, son of Ancaeus
176	4	Nestor (NESTOR; Nestor): faithful, of skilful heart and mighty in counsel, leads ninety ships to Troy with his sons
176	6	Nestor (Nestor; Nestor): fidus sollerti pectore Nestor consilioque potens 176
177	6	prole (Antilochus; Antilochus): and 177 gemina cum prole
177	6	prole (Thrasymedes; Thrasymedes): (Thrasymedes, son of Nestor). v. 177: gemina cum prole
179	4	Epistrophus (EPISTROPHUS Iphiti filius; Epistrophus, son of Iphitus): — huge, glory of the Myrmidons, strength of fierce war
179	4	Schedius (SCHEDIUS; Schedius): mighty in valour, strength of fierce war, among the leaders of the Greeks
179	6	Epistrophus (Epistrophus 1; Epistrophus 1): Schedius . . . et Epistrophus ingens, gloria Myrmidonum, saevi duo robora belli 179
179	6	Schedius (Schedius; Schedius): Schedius virtute potens et Epistrophus ingens, gloria Myrmidonum 179
180	4	Myrmidonum (MYRMIDONES; Myrmidons): — glory of the Myrmidons, Epistrophus
180	6	Myrmidonum (Myrmidones; Myrmidons): Epistrophus . . . gloria -um 180
182	4	Leonteus (LEONTEUS; Leonteus): and Polypoetes lead forty ships to the Trojan land
182	4	Polypoetes (POLYPOETES; Polypoetes): and Leonteus fitted out twenty ships for Troy
182	6	Leonteus (Leonteus; Leonteus): Leonteus 182: son of Coronus
182	6	Polypoetes (Polypoetes; Polypoetes): *Polypoetes 182. 1012: son of Hippodamia
184	4	Tydides (DIOMEDES; Diomedes): Tydides: brave in arms
184	4	Euryalus (EURYALUS; Euryalus): son of Mecisteus, a leader under Diomedes
184	4	Sthenelus (STHENELUS; Sthenelus): among the leaders of the Greeks
184	6	Euryalus (Euryalus; Euryalus): Euryalus 184: son of Mecisteus, companion of Diomedes
184	6	Stheneli (Sthenelus; Sthenelus): Stheneli (-us trad.) . . . decus 184: son of Capaneus
185	6	Tydides (Tydides; son of Tydeus): fortis in armis -des 185
187	4	Ascalaphus (ASCALAPHUS; Ascalaphus): mighty, and Ialmenus, both keen, lead thirty ships
187	4	Ialmenus (IALMENUS; Ialmenus): and Ascalaphus, both keen, lead thirty ships to Troy
187	6	Ascalaphus (Ascalaphus; Ascalaphus): Ascalaphus . . . potens 187: son of Mars, leader of the Minyans
187	6	Ialmenus (Ialmenus; Ialmenus): Ascalaphus . . . et *Ialmenus, acer uterque 187: son of Mars, leader of the Boeotians
189	4	Ajax (AJAX Oilei filius; Ajax, son of Oileus): — bravest of the Locrians, fitted out forty ships for Troy
189	4	Locrum (LOCRI; Locrians): Locrum: Ajax, bravest of the Locrians
189	6	Aiax (Aiax (Locrus); Ajax (the Locrian)): Locrum fortissimus Aiax 189
189	6	Locrum (Locrus; Locrian): Locrum fortissimus Aiax 189
190	4	Euhaemone (EUHAEMO; Euhaemon): Euhaemone
190	4	Euhaemone (EURYPYLUS; Eurypylus): Euhaemone natus: the son of Euhaemon fitted out forty ships
190	6	Euhaemone (Euhaemon; Euhaemon): Euhaemone natus 190: Eurypylus
191	4	Achilles (ACHILLES; Achilles): — the wall of the Danaans, went to Troy with the other leaders of the Greeks
191	4	Danaum (GRAI; Greeks): — the wall of the Danaans, Achilles
191	6	Achilles (Achilles; Achilles): Graium durus comitator -es 191
192	6	materna (Thetis; Thetis): materna per aequora 192
193	4	Antiphus (ANTIPHUS [Thessalicus] Thessali filius; Antiphus [Thessalicus], son of Thessalus): — leads thirty ships with Phidippus
193	4	Phidippus (PHIDIPPUS; Phidippus): and Antiphus, Thessalian youths, lead thirty ships to Troy
193	6	Antiphus (Antiphus 1; Antiphus 1): Thessalici iuvenes, Phidippus et Antiphus 193: sons of Thessalus
193	6	Phidippus (Phidippus; Phidippus): Thessalici iuvenes *Phidippus (ped- trad.) et Antiphus 193
193	6	Thessalici (Thessalicus; Thessalian): Thessalici iuvenes, Phidippus et Antiphus 193
195	4	Nireus (NIREUS; Nireus): makes for Troy with three ships
195	4	Sume (SUME; Syme): ab Sume: from Syme
195	6	Nireus (Nireus; Nireus): *Nireus (teucer trad.) 195: son of Aglaia and Charopus
195	6	— (Syme; Syme): ab Syme (Σύμηθεν) 195 (assumptis trad.) ?
195	6	Nireus (Teucer; Teucer): [195 trad.]
196	4	Eumelus (EUMELUS; Eumelus): keen in strength, leads one ship fewer than the son of Telamon
196	4	Tlepolemus (TLEPOLEMUS; Tlepolemus): the Rhodian leads nine ships to Troy
196	6	Rhodius (Rhodius; the Rhodian): Tlepolemus . . . Rhodius 196
196	6	Tlepolomus (Tlepolomus; Tlepolemus): *Tlepolomus . . . Rhodius 196
197	6	Eumelus (Eumelus; Eumelus): viribus acer *Eumelus 197: son of Admetus
198	4	Ajax (AJAX Telamonis filius; Ajax, son of Telamon): — the Salaminian sprung from Telamon, leads one ship more than Eumelus
198	6	Aiax (Aiax (Telamonius); Ajax (son of Telamon)): Telamone satus Salaminius Aiax 198
198	6	Salaminius (Salaminius; the Salaminian): Telamone satus Salaminius Aiax 198
198	6	Telamone (Telamon; Telamon): Telamone satus . . . Aiax 198
199	4	Prothous (PROTHOUS; Prothous): the Magnesian, son of Tenthredon, among the leaders of the Greeks
199	6	Magnes (Magnes; the Magnesian): Prothous *Magnes 199
199	6	Prothous (Prothous; Prothous): *Prothous Magnes Tenthredone natus 199
199	6	Tenthredone (Tenthredon; Tenthredon): Prothous Magnes *Tenthredone natus 199
200	4	Elephenor (ELEPHENOR; Elephenor): born in the < long > land of Euboea
200	4	Euboeae (EUBOEA; Euboea): Euboeae
200	6	Elephenor (Elephenor; Elephenor): Euboeae . . . *Elephenor finibus ortus 200
200	6	Euboeae (Euboea; Euboea): Euboeae . . . finibus 200
201	4	Meges (MEGES; Meges): of Dulichium, among the leaders of the Greeks
201	4	Thoas (THOAS; Thoas): distinguished in spirit and arms, of the Aetolian race, son of Andraemon, among the leaders of the Greeks
201	6	Dulichius (Dulichius; of Dulichium): Dulichius . . . Meges 201
201	6	Meges (Meges; Meges): Dulichius . . . Meges 201
202	4	Aetola (AETOLUS; Aetolian): de gente Aetola
202	4	Andraemone (ANDRAEMO; Andraemon): Andraemone natus: Thoas, son of Andraemon
202	6	Aetola (Aetolus; Aetolian): Aetola de gente Thoas 202
202	6	Andraemone (Andraemon; Andraemon): Thoas Andraemone natus 202. 583
202	6	Thoas (Thoas; Thoas): Aetola de gente Thoas Andraemone natus 202
204	4	Ithaci (ULIXES; Ulysses): Ithacus Ithaci: the skill of the Ithacan leads twelve ships to Troy
204	6	Ithaci (Ithacus; the Ithacan): Ithaci . . . sollertia 204: Ulysses
205	4	Ajax (AJAX Telamonis filius; Ajax, son of Telamon): — the son of Telamon, mighty in outstanding valour, makes for Troy with twelve ships
205	6	Aiax (Aiax (Telamonius); Ajax (son of Telamon)): Telamonius -ax 205. 363. 602. 623. 787. 836
205	6	Telamonius (Telamonius; son of Telamon): Telamonius Aiax 205. 363. 602. 623. 787. 836
206	4	Gunei (GUNEUS; Guneus): Gunei: the dreadful wrath of Guneus leads twenty-two ships
206	6	Guneus (Guneus; Guneus): *Guneus 206: leader of the Acarnanians
208	4	Cretaeus (CRETAEUS; Cretan): uterque: both Cretans (Idomeneus and Meriones)
208	4	Idomeneus (IDOMENEUS; Idomeneus): the Cretan, leads eighty ships to Troy with Meriones
208	4	Meriones (MERIONES; Meriones): and Idomeneus, both Cretans, lead eighty ships
208	6	Cretaeus (Cretaeus; Cretan): Idomeneus et Meriones, Cretaeus uterque 208
208	6	Idomeneus (Idomeneus; Idomeneus): Idomeneus et Meriones, Cretaeus uterque 208
208	6	Meriones (Meriones; Meriones): Idomeneus et Meriones, Cretaeus uterque 208
210	4	Menestheus (MENESTHEUS; Menestheus): of a famous family, the Athenian, leads fifty ships
210	6	Menestheus (Menestheus; Menestheus): *Menestheus . . . Athenaeus 210
211	4	Achilles (ACHILLES; Achilles): — led fifty ships
211	6	Achilles (Achilles; Achilles): -es 211. 988. 997. 1014. 1043
211	6	Athenaeus (Athenaeus; Athenian): Menestheus . . . Athenaeus 211
212	4	Amphimachus (AMPHIMACHUS princeps Epeorum; Amphimachus, prince of the Epeans): — fierce, born in Elis
212	4	Elide (ELIS; Elis): Elide nati: Amphimachus and Thalpius, born in Elis
212	4	Thalpius (THALPIUS; Thalpius): born in Elis, among the leaders of the Greeks
212	6	Amphimachus (Amphimachus 1; Amphimachus 1): Amphimachus . . . ferox et Thalpius, Elide nati 212: leaders of the Epeans
212	6	Elide (Elis; Elis): Amphimachus . . . et Thalpius, Elide nati 212
212	6	Thalpius (Thalpius; Thalpius): Amphimachus . . . et *Thalpius (alpinus trad.), Elide nati 212
213	4	Diores (DIORES; Diores): with the other princes of the Greeks
213	4	Polyxenus (POLYXENUS; Polyxenus): of famous valour, among the leaders of the Greeks
213	6	Diores (Diores; Diores): Diores 213: leader of the Epeans
213	6	Polyxenus (Polyxenus; Polyxenus): clara virtute Polyxenus 213: of Elis, son of Agasthenes
215	4	Podarces (PODARCES; Podarces): brave, among the leaders of the Greeks
215	4	Protesilaus (PROTESILAUS; Protesilaus): leads forty ships to Troy
215	6	Podarces (Podarces; Podarces): fortis . . . Podarces 215: brother of Protesilaus, son of Iphiclus
215	6	Protesilaus (Protesilaus; Protesilaus): Protesilaus 215
216	4	Ajax (AJAX Oilei filius; Ajax, son of Oileus): — son of Oileus: Protesilaus and Podarces fitted out as many ships as he
216	6	Aiax (Aiax (Locrus); Ajax (the Locrian)): Oileos (-us trad.) -ax 216
216	6	Oileos (Oileus; Oileus): Oileos (-us trad.) Aiax 216
217	4	Poeante (POEAS; Poeas): Poeante satus: the son of Poeas (Philoctetes)
217	6	Poeante (Poeas; Poeas): *Poeante (phetonte trad.) satus 217: Philoctetes
218	4	Machaon (MACHAON; Machaon): among the leaders of the Greeks
218	4	Podalirius (PODALIRIUS; Podalirius): among the leaders of the Greeks
218	6	Machaon (Machaon; Machaon): Machaon 218: son of Aesculapius
218	6	Podalirius (Podalirius; Podalirius): Podalirius *218
220	4	Grajae (GRAJUS; Greek): Grajae puppes: Greek sterns
220	4	Trojana (TROJANUS; Trojan): ad Trojana litora: to the Trojan shores
220	6	Graiae (Graius; Greek): -ae . . . puppes 220
220	6	Troiana (Troianus; Trojan): -na ad litora 220
222	6	campos (Troia; Troy): cf. also campos 222
223	4	Irim (IRIS; Iris): Irin: Jupiter sends Iris to Priam
223	4	pater (JUPPITER; Jupiter): — the Saturnian sends Iris to Priam
223	4	Priamum (PRIAMUS; Priam): Ad Priamum: Jupiter sends Iris to Priam
223	6	Irin (Iris; Iris): Irin 223
223	6	pater (Iuppiter; Jupiter): pater . . . Saturnius 223
223	6	Priamum (Priamus; Priam): ad -mum 223
223	6	Saturnius (Saturnius; son of Saturn): pater . . . Saturnius 223: Jupiter
224	4	Pelasgos (GRAI; Greeks): Pelasgos: Iris, at Jupiter's command, announces to the Trojans that the Pelasgians have come to Troy
224	6	Pelasgos (Pelasgi; Pelasgians): fortes . . . -os 224. 353
225	6	parentis (Priamus; Priam): parentis 225. 1038. 1044
226	4	Hector (HECTOR; Hector): nominative: the son of Priam takes up arms at his father's command
226	6	Hector (Hector; Hector): Priamides -or 226
226	6	Priamides (Priamides; son of Priam): -es Hector 226
226	6	pubem (Troianus; Trojan): 226 pubem
227	6	portis (Troia; Troy): portis 227. 575
232	4	Hectoris (HECTOR; Hector): Hectoris: shining greaves cover Hector's legs, as is fitting
232	6	Hectoris (Hector; Hector): -oris 232. 565. 1006. 1040
234	4	Paris (PARIS; Paris): nominative: the cause of the war, the deadly ruin of his country, takes up arms with the other leaders of the Trojans
234	6	Paris (Paris; Paris): tunc fortis in armis belli causa Paris, patriae funesta ruina 234
235	4	Deiphobus (DEIPHOBUS; Deiphobus): with the other princes of the Trojans
235	4	Helenus (HELENUS; Helenus): among the princes of the Trojans
235	4	Polites (POLITES Priami filius; Polites, son of Priam): brave, among the princes of the Trojans
235	6	Deiphobus (Deiphobus; Deiphobus): Deiphobus 235
235	6	Helenus (Helenus; Helenus): Helenus 235
235	6	Polites (Polites; Polites): fortis . . . Polites 235: son of Priam
236	4	Aeneas (AENEAS; Aeneas): holy, the surest offspring of Venus (our poet enumerates the princes of the Trojans)
236	4	Veneris (VENUS; Venus): Veneris: the offspring of Venus, Aeneas
236	6	Aeneas (Aeneas; Aeneas): sacer -as, Veneris certissima proles 236
236	6	Veneris (Venus; Venus): Aeneas, -eris . . . proles 236. 483
237	4	Acamas (ACAMAS Antenoris filius; Acamas, son of Antenor): — fierce, sprung from Antenor
237	4	Antenore (ANTENOR; Antenor): Antenore creti: Archilochus and Acamas, sprung from Antenor
237	4	Archilochus (ARCHILOCHUS; Archilochus): sprung from Antenor, with the other leaders of the Trojans
237	6	Acamas (Acamas 1; Acamas 1): Acamas, son of Antenor, a Trojan 237
237	6	Antenore (Antenor 1; Antenor 1): Archelochusque Acamasque ferox Antenore creti 237: the Trojan
237	6	Archelochus (Archelochus; Archelochus): Archelochusq. Acamasque . . . Antenore creti 237
238	4	Pandarus (PANDARUS; Pandarus): the noble offspring of Lycaon, among the auxiliaries of the Trojans
238	6	Lycaonis (Lycaon; Lycaon): proles generosa Lycaonis . . . Pandarus 238
239	4	Glaucus (GLAUCUS Lyciorum dux; Glaucus, leader of the Lycians): — of great valour in arms, among the auxiliaries of the Trojans
239	6	Glaucus (Glaucus; Glaucus): magnae Glaucus virtutis in armis 239
239	6	Pandarus (Pandarus; Pandarus): proles generosa Lycaonis . . . Pandarus 239
240	4	Adrastus (ADRASTUS; Adrastus): among the princes of the Trojans
240	4	Amphius (AMPHIUS; Amphius): ally of the Trojans
240	4	Asius (ASIUS Hyrtaci filius; Asius, son of Hyrtacus): — with the other allies of the Trojans
240	4	Pylaeus (PYLAEUS; Pylaeus): among the princes of the Trojans
240	6	Adrastus (Adrastus; Adrastus): Amphiusque et Adrastus, sons of Merops 240
240	6	Amphius (Amphius; Amphius): Amphīus 240
240	6	Asius (Asius; Asius): Asius 240. 774: son of Hyrtacus, on the Trojan side
240	6	Pylaeus (Pylaeus; Pylaeus): *Pylaeus (ephialtes trad.) 240: son of Lethus, a Pelasgian
241	4	Amphimachus (AMPHIMACHUS princeps Carum; Amphimachus, prince of the Carians): distinguished with the other allies of the Trojans
241	4	Nastes (NASTES; Nastes): distinguished, among the allies of the Trojans
241	6	Amphimachus (Amphimachus 2; Amphimachus 2): Amphimachus Nastesque 241: leaders of the Carians
241	6	Nastes (Nastes; Nastes): Amphimachus *Nastesque, insignis uterque 241: leaders of the Carians
242	4	Epistrophus (EPISTROPHUS Halizonum dux; Epistrophus, leader of the Halizonians): — huge, great-hearted leader
242	4	Hodius (HODIUS; Hodius): great-hearted leader among the auxiliaries of the Trojans
242	6	Epistrophus (Epistrophus 2; Epistrophus 2): Epistrophus ingens 242: leader of the Halizonians on the Trojan side
242	6	Odius (Odius; Odius): Odius . . . et Epistrophus 242: leaders of the Halizonians
243	4	Euphemus (EUPHEMUS; Euphemus): fierce
243	4	Pyraechmes (PYRAECHMES; Pyraechmes): famous for his age, among the allies of the Trojans
243	6	Euphemus (Euphemus; Euphemus): Euphemus . . . ferox 243: leader of the Cicones on the Trojan side
243	6	Pyraechmes (Pyraechmes; Pyraechmes): clarus . . . aetate *Pyraechmes 243: leader of the Paeonians
244	4	Antiphus (ANTIPHUS Maeonum ductor; Antiphus, leader of the Maeonians): — brings help to the Trojans
244	4	Hippothous (HIPPOTHOUS; Hippothous): good in arms, among the allies of the Trojans
244	4	Mesthles (MESTHLES; Mesthles): among the auxiliaries of the Trojans
244	6	Antiphus (Antiphus 2; Antiphus 2): Antiphus 244: son of Talaemenes, leader of the Maeonians on the Trojan side
244	6	Mesthles (Mesthles; Mesthles): *Mesthles 244: son of Talaemenes, brother of Antiphus, leader of the Maeonians
245	4	Acamas (ACAMAS dux Thracum; Acamas, leader of the Thracians): — among the allies of the Trojans
245	4	Pirous (PIROUS; Pirous): < mighty with sword and valour > among the auxiliaries of the Trojans
245	6	Acamas (Acamas 2; Acamas 2): Acamas (ath- trad.), a Thracian 245
245	6	Hippothous (Hippothous; Hippothous): bonus armis *Hippothous 245: son of Lethus
245	6	Pirous (Pirous; Pirous): *Pirous (pierius trad.) 245: leader of the Thracians
245a	4	Pylaemenis (PYLAEMEN; Pylaemenes): < Pylaemenis animi >
246	4	Alcinoo (ALCINOUS; Alcinous): Alcinoo sati: Chromius and Ennomus, sons of Alcinous
246	4	Chromius (CHROMIUS dux Mysorum; Chromius, leader of the Mysians): A man in the flower of his age among the allies of the Trojans
246	4	Ennomus (ENNOMUS; Ennomus): a man in the flower of his age among the allies of the Trojans
246	6	Arsinoo (Arsinous; Arsinous): *Arsinooque sati Chromiusque atque Ennomus 246
246	6	Chromius (Chromius 1; Chromius 1): Arsinooque sati Chromiusque atque Ennomus, ambo florentes aetate viri 246: leaders of the Mysians on the Trojan side (Χρόμις in Homer)
246	6	Ennomus (Ennomus; Ennomus): *Ennomus 246
247	4	Ascanius (ASCANIUS Hippotionis filius; Ascanius, son of Hippotion): — huge, ally of the Trojans
247	4	Phorcus (PHORCUS; Phorcus): among the princes of the Trojans
247	6	Phorcus (Phorcus; Phorcus): Phorcus 247: leader of the Phrygians
248	4	Jovis (JUPPITER; Jupiter): — offspring (Sarpedon)
248	4	Sarpedon (SARPEDON; Sarpedon): the glorious offspring of Jupiter, among the allies of the Trojans
248	6	Ascanius (Ascanius; Ascanius): ingens Ascanius 248: leader of the Phrygians
248	6	Iovis (Iuppiter; Jupiter): Iovis inclita proles Sarpedon 248. 520
249	4	Coroebus (COROEBUS; Coroebus): sprung from a famous land
249	6	Coroebus (Coroebus; Coroebus): clara . . . satus tellure Coroebus 249: not named in Homer
249	6	— (Pylaemenes; Pylaemenes): cf. also v. 249
249	6	Sarpedon (Sarpedon; Sarpedon): Iovis inclita proles Sarpedon 249. 521
250	4	Neptunia (NEPTUNIUS; of Neptune): Neptunia Troja: Neptune's Troy
250	4	Troja (TROJA; Troy): Neptune's Troy defends itself with these leaders (whom our poet has just enumerated)
250	6	Neptunia (Neptunius; of Neptune): Neptunia Troia 250
250	6	Troia (Troia; Troy): Neptunia -ia 250
251	4	Danaum (GRAI; Greeks): — Troy would have overcome the wiles of the Danaans, had it not been for the fates
251	6	Danaum (Danai; Danaans): -um (gen.): 19. 50. 67. 124. 153. 251. 268. 357. 389. 496. 631. 686. 691. 698. 705. 743. 747. 794. 1025
253	4	Paris (PARIS; Paris): — the destruction of Troy and a deadly flame, catches sight of Menelaus in arms
253	4	Trojae (TROJA; Troy): Trojae: the ruin of Troy (Paris)
253	6	Paris (Paris; Paris): Paris, exitium Troiae funestaque flamma 253
253	6	Troiae (Troia; Troy): Paris exitium -iae 253
254	4	Menelaum (MENELAUS; Menelaus): Menelaum: Paris catches sight of Menelaus in arms
254	6	Menelaum (Menelaus; Menelaus): -laum ex 254
256	4	Hector (HECTOR; Hector): — addresses Paris, confounded with terror
256	6	Hector (Hector; Hector): Hector 256. 277. 491. 626. 677. 774. 959. 967. 979. 996. 1051
257	4	— (PARIS; Paris): (Add here that Hector describes Paris thus: « An eternal disgrace … to our country, and the infamy of our race »)
257	6	dedecus (Paris; Paris): cf. Hector's words 257: o dedecus . . . aeternum patriae generisque infamia nostri
259	6	hospitis (Menelaus; Menelaus): hospitis 259
264	4	Mars (MARS; Mars): rejoices in the hardy soldier
264	6	Mars (Mars; Mars): duro Mars milite gaudet 264
268	4	Danaum (GRAI; Greeks): — the people
268	4	Atrides (MENELAUS; Menelaus): Atrides: tireless, let him meet Paris in arms
268	4	Phrygum (TROJANI; Trojans): Phrygum: the people of the Phrygians
268	6	Atrides (Atrides (Menelaus); son of Atreus (Menelaus)): impiger -des 268
268	6	Danaum (Danai; Danaans): -um (gen.): 19. 50. 67. 124. 153. 251. 268. 357. 389. 496. 631. 686. 691. 698. 705. 743. 747. 794. 1025
268	6	Phrygum (Phryges; Phrygians): -gum . . . populus 268
271	4	Priameius (PARIS; Paris): Priameius heros: the hero son of Priam answers Hector briefly
271	6	Priameius (Priameius; son of Priam): Priameius heros: Paris 271, Hector 960
273	6	decus (Hector; Hector): o patriae, germane, decus 273
273	6	coniunx (Helene; Helen): coniunx 273. 276. 285. 301
275	6	viri (Menelaus; Menelaus): viri 275. 288. 329
276	6	coniunx (Helene; Helen): coniunx 273. 276. 285. 301
277	4	Grais (GRAI; Greeks): — Hector's opinion pleases the Greeks
277	4	Hector (HECTOR; Hector): — reports Paris's words
277	6	Grais (Graius; Greek): Grais 2. 277. 614
277	6	Hector (Hector; Hector): Hector 256. 277. 491. 626. 677. 774. 959. 967. 979. 996. 1051
278	4	Priamus (PRIAMUS; Priam): is summoned to make a treaty with the Greeks
278	6	Priamus (Priamus; Priam): Priamus 278 [983] 1046
281	4	Troum (TROJANI; Trojans): — Paris comes forward from the line of the Trojans
281	6	Troum (Tros; Trojan): Troum 102. 281. 339. 357. 438. 631. 641. 701. 963
282	4	Alexander (PARIS; Paris): Alexander: handsome, distinguished by shield and spear, comes forward against Menelaus
282	6	Alexander (Alexander; Alexander): pulcher Alexander 282
283	4	Menelaus (MENELAUS; Menelaus): shining in arms, took his stand against Paris
283	6	Menelaus (Menelaus; Menelaus): Menelaus 283. 312. 339. 539
285	6	coniuge (Helene; Helen): coniunx 273. 276. 285. 301
286	4	Juppiter (JUPPITER; Jupiter): — may he only be present (Menelaus speaks)
286	6	Iuppiter (Iuppiter; Jupiter): tantummodo -er adsit 286
288	6	virum (Menelaus; Menelaus): viri 275. 288. 329
290	4	Atrides (MENELAUS; Menelaus): — avoids Paris's spear
290	6	Atrides (Atrides (Menelaus); son of Atreus (Menelaus)): -des 290. 301. 332. 349. (510?)
292	4	Praedonis (PARIS; Paris): Praedo Phrygius praedonis Phrygii: the weapon of Menelaus would have wounded the body of the Phrygian robber, had not his iron corslet covered him
292	4	Phrygii (PHRYGIUS; Phrygian): Phrygii praedonis
292	6	Phrygii (Phrygius; Phrygian): praedonis Phrygii 292
301	4	Atrides (MENELAUS; Menelaus): — mindful of his wife carried off, presses on
301	6	Atrides (Atrides (Menelaus); son of Atreus (Menelaus)): -des 290. 301. 332. 349. (510?)
301	6	coniugis (Helene; Helen): coniunx 273. 276. 285. 301
302	4	Dardanium (PARIS; Paris): Dardanius juvenis Dardanium juvenem: Menelaus presses the Dardanian youth with his sword
302	6	Dardanium (Dardanius; Dardanian): -um . . . iuvenem 302: Paris
305	4	Grajum (GRAI; Greeks): — the columns of the Greeks groaned when Paris was wounded
305	6	Graium (Graius; Greek): agmina -um 305. 487
307	6	victor (Menelaus; Menelaus): victor 307. 352
307	6	iuvenem (Paris; Paris): iuvenem 307
309	4	Cytherea (VENUS; Venus): Cytherea: covers Paris, fighting with Menelaus, with a mist
309	6	Cytherea (Cytherea; the Cytherean): Cythereă 309. 335. 470: Venus
309	6	virum (Paris; Paris): virum 309
311	4	Paridi (PARIS; Paris): Paridi: it would have been Paris's last day, had not Venus covered him
311	6	Paridi (Paris; Paris): Paridī 311
312	4	Menelaus (MENELAUS; Menelaus): — drags off Paris's helmet, runs back at him burning
312	6	Menelaus (Menelaus; Menelaus): Menelaus 283. 312. 339. 539
315	4	Phrygii (PARIS; Paris): Phrygius in Phrygii cladem: Menelaus hurls his spear for the destruction of the Phrygian
315	4	Phrygii (PHRYGIUS; Phrygian): Phrygii
315	4	Venus (VENUS; Venus): snatches Paris from Menelaus
315	6	Phrygii (Phrygius; Phrygian): Phrygii, i.e. of Paris, 315
315	6	Venus (Venus; Venus): Venus 315. 464. 911
317	4	Helenam (HELENA; Helen): Helenam: Venus brings Helen to Paris
317	6	Helenam (Helene; Helen): Helenam 317. 343
318	4	Paridi (PARIS; Paris): — Venus brings Helen to the Dardanian
318	6	Dardanio (Dardanius; Dardanian): Dardanio . . . Paridi 318
318	6	Paridi (Paris; Paris): Dardanio . . . dī 318
320	4	Paris (PARIS; Paris): vocative: « my flame » (Helen addresses him)
320	6	Paris (Paris; Paris): voc.: mea flamma, Paris (Helen speaks) 320
321	6	coniugis (Menelaus; Menelaus): coniugis antiqui 321
322	4	Atrides (MENELAUS; Menelaus): — violent (Helen addresses Paris)
322	6	Atrides (Atrides (Menelaus); son of Atreus (Menelaus)): violentus -es 322
323	4	Iliaco (ILIACUS; of Ilium): Iliaco pulvere: Helen feared when Menelaus was fouling Paris's hair with the dust of Ilium
323	6	Iliaco (Iliacus; of Ilium): Iliaco . . . pulvere 323
324	4	Doricus (DORICUS; Doric): Doricus ensis: the Doric sword
324	6	Doricus (Doricus; Doric): Doricus ensis 324
327	4	Atrida (MENELAUS; Menelaus): Cum Atrida: who persuaded you to contend with the savage son of Atreus? (Helen addresses Paris)
327	6	Atrida (Atrides (Menelaus); son of Atreus (Menelaus)): cum saevo . . . -da 327
329	6	viri (Menelaus; Menelaus): viri 275. 288. 329
332	4	Atrides (MENELAUS; Menelaus): — did not overcome me (Paris addresses Helen)
332	4	Alexander (PARIS; Paris): — sad, answers Helen
332	6	Alexander (Alexander; Alexander): -er 332
332	6	Atrides (Atrides (Menelaus); son of Atreus (Menelaus)): -des 290. 301. 332. 349. (510?)
333	4	Palladis (MINERVA; Minerva): Palladis: the anger of chaste Pallas overcame Paris
333	6	ardor (Helene; Helen): o meus ardor 333
333	6	Pallados (Pallas; Pallas): castae -dos ira 333
335	4	Cytherea (VENUS; Venus): — will stand by me in my labour (Paris speaks)
335	6	Cytherea (Cytherea; the Cytherean): Cythereă 309. 335. 470: Venus
337	4	Cygneidos (HELENA; Helen): Cygneis Cygneidos: Paris lies on the limbs of the daughter of the Swan
337	6	Cygneidos (Cygneis; daughter of the Swan): Cygneidos (-dus in part of the manuscripts) 337: Helen
338	4	Trojae (TROJA; Troy): Helen receives in her lap the flames of Troy and her own (namely Paris)
338	6	Troiae (Troia; Troy): flammas . . . -iaeque suasque Parin 338
339	4	Menelaus (MENELAUS; Menelaus): — seeks Paris in the whole host
339	4	Troum (TROJANI; Trojans): — Menelaus seeks Paris in the line of the Trojans
339	6	Menelaus (Menelaus; Menelaus): Menelaus 283. 312. 339. 539
339	6	Troum (Tros; Trojan): Troum 102. 281. 339. 357. 438. 631. 641. 701. 963
340	4	Alexandrum (PARIS; Paris): Alexandrum: Menelaus seeks Alexander
340	6	Alexandrum (Alexander; Alexander): -drum 340
341	6	frater (Hector; Hector): frater 341
342	4	Phrygas (TROJANI; Trojans): Phrygas: Agamemnon rebukes the routed Phrygians
342	6	Phrygas (Phryges; Phrygians): pulsos -as (-es trad.) 342
343	4	Helenam (HELENA; Helen): — Menelaus demands Helen back
343	6	Helenam (Helene; Helen): Helenam 317. 343
345	4	regnator (JUPPITER; Jupiter): Regnator Olympi: the almighty ruler of Olympus holds a council
345	4	Olympi (OLYMPUS; Olympus): Olympi regnator: the ruler of Olympus (Jupiter)
345	6	regnator (Iuppiter; Jupiter): omnipotens . . . regnator Olympi 345
345	6	Olympi (Olympus; Olympus): regnator -pi 345: Jupiter
346	4	Pandarus (PANDARUS; Pandarus): — throws the treaty into confusion with his bow
346	6	Pandarus (Pandarus; Pandarus): -us 346. 436
347	4	Menelae (MENELAUS; Menelaus): Menelae: Pandarus aims at you, Menelaus
347	6	Menelae (Menelaus; Menelaus): te, Menelae 347
349	4	Atrides (MENELAUS; Menelaus): — groaning, since he has been wounded by the weapons of Pandarus, withdraws from the fight
349	6	Atrides (Atrides (Menelaus); son of Atreus (Menelaus)): -des 290. 301. 332. 349. (510?)
350	6	arte (Aesculapius; Aesculapius): see arte paterna 350
351	4	Paeoniis (PAEONIUS; Paeonian): Paeoniis herbis: Podalirius heals Menelaus with Paeonian herbs
351	4	Podalirius (PODALIRIUS; Podalirius): — heals Menelaus, wounded by Pandarus
351	6	Paeoniis (Paeonius; Paeonian): Paeoniis . . . herbis 351
351	6	Podalirius (Podalirius; Podalirius): iuvenis -ius 351: son of Aesculapius
352	6	victor (Menelaus; Menelaus): victor 307. 352
353	4	Agamemnonis (AGAMEMNON; Agamemnon): — his anger arms the Greeks for slaughter, after Pandarus has wounded Menelaus
353	4	Pelasgos (GRAI; Greeks): — the anger of Agamemnon arms the brave Pelasgians
353	6	Agamemnonis (Agamemnon; Agamemnon): -onis ira 353
353	6	Pelasgos (Pelasgi; Pelasgians): fortes . . . -os 224. 353
357	4	Danaum (GRAI; Greeks): — the bands of the Danaans fall
357	4	Troum (TROJANI; Trojans): — the bands of the Trojans fall
357	6	Danaum (Danai; Danaans): -um (gen.): 19. 50. 67. 124. 153. 251. 268. 357. 389. 496. 631. 686. 691. 698. 705. 743. 747. 794. 1025
357	6	Troum (Tros; Trojan): Troum 102. 281. 339. 357. 438. 631. 641. 701. 963
358	4	Mavors (MARS; Mars): Mavors: resounds on every side
358	6	Mavors (Mavors; Mavors): sonat undique Mavors, i.e. battle, 358
360	4	Antilochi (ANTILOCHUS; Antilochus): Antilochi: the son of Thalysius (Echepolus) is killed by the sword of Antilochus
360	4	Thalysiades (THALYSIADES; son of Thalysius): (Echepolus) is killed by Antilochus
360	6	Antilochi (Antilochus; Antilochus): Antilochi . . . -ense 360
361	6	Thalysiades (Thalysiades; son of Thalysius): *Thalysiades (tales(t)- trad.) 361: Echepolus
362	4	Grajorum (GRAI; Greeks): Grajorum: Simoisius, pressing the backs of the Greeks
362	6	Graiorum (Graius; Greek): as a noun: Graiorum terga 362
363	4	Ajax (AJAX Telamonis filius; Ajax, son of Telamon): — the son of Telamon overcomes the son of Anthemion
363	4	Anthemione (ANTHEMIO; Anthemion): Anthemione satum: Ajax son of Telamon kills the son of Anthemion (Simoisius)
363	6	Aiax (Aiax (Telamonius); Ajax (son of Telamon)): Telamonius -ax 205. 363. 602. 623. 787. 836
363	6	Anthemione (Anthemion; Anthemion): *Anthemione satum 363: Simoisius, a Trojan
363	6	Telamonius (Telamonius; son of Telamon): Telamonius Aiax 205. 363. 602. 623. 787. 836
366	4	Antiphus (ANTIPHUS Priami filius; Antiphus, son of Priam): — hurls his spear against Ajax
366	6	Antiphus (Antiphus 3; Antiphus 3): Antiphus 366
368	4	Ajacem (AJAX Telamonis filius; Ajax, son of Telamon): In Ajacem: Antiphus hurls his spear against Ajax
368	6	Aeaciden (Aeacides (Aiax Telamonius); descendant of Aeacus (Ajax son of Telamon)): -den 368
368	6	Aeaciden (Aiax (Telamonius); Ajax (son of Telamon)): -acem see Aeaciden 368. 628
369	4	Leucus (LEUCUS; Leucus): struck by the spear which Antiphus was hurling against Ajax
369	6	Leucon (Leucus; Leucus): Leucon acc. 369: companion of Ulysses
372	4	Atrides (AGAMEMNON; Agamemnon): — tireless, attacks Democoon
372	6	Atrides (Atrides (Agamemno); son of Atreus (Agamemnon)): [impiger -es 372]
372	6	Atrides (Laertiades; son of Laertes): *Laertiades (atrides trad.) 372: Ulysses
373	4	Democoonta (DEMOCOON; Democoon): Democoonta: Agamemnon attacks Democoon
373	6	Democoonta (Democoon; Democoon): *Democoonta 373: bastard son of Priam
377	4	Amarynciden (DIORES; Diores): Amaryncides Amarynciden: Pirous kills the son of Amarynceus
377	6	Amarynciden (Amaryncides; son of Amarynceus): *Amaryncīden 377
378	4	Pirous (PIROUS; Pirous): — the son of Imbrasus kills Diores, son of Amarynceus
378	6	Imbrasides (Imbrasides; son of Imbrasus): impiger *Imbrasides (umbr- trad.) 378: Pirous
380	4	Thoantis (THOAS; Thoas): Thoantis: the right hand of Thoas attacks Pirous with a poised spear
380	6	Thoantis (Thoas; Thoas): dextrā . . . Thoantis 380
384	4	Dardanii (DARDANIUS; Dardanian): Dardanii campi: the Dardanian plains run with blood
384	6	Dardanii (Dardanius; Dardanian): -ii . . . campi 384: of Troy
385	6	amnes (Xanthus (fluvius); Xanthus (the river)): amnes 385
387	4	Achivis (GRAI; Greeks): — their valour grows
387	4	Trojanis (TROJANI; Trojans): Trojanis: the valour of the Trojans grows
387	6	Achivis (Achivi; Achaeans): -is 69. 387
387	6	Troianis (Troianus; Trojan): Troianis . . . virtus crescit 387
389	4	Danaum (GRAI; Greeks): — their columns giving way
389	6	Danaum (Danai; Danaans): -um (gen.): 19. 50. 67. 124. 153. 251. 268. 357. 389. 496. 631. 686. 691. 698. 705. 743. 747. 794. 1025
390	4	Tydides (DIOMEDES; Diomedes): — sees the Danaans giving way
390	4	Martem (MARS; Mars): Martem: Diomedes sees Mars swelling and growing
390	6	Martem (Mars; Mars): tumidumque increscere Martem, i.e. war, 390
390	6	Tydides (Tydides; son of Tydeus): Tydides 390. 408. 530. 665. 1008
394	4	Pallas (MINERVA; Minerva): — the warlike one stands by Diomedes in battle
394	6	Pallas (Pallas; Pallas): bellica -as 394
395	6	iuveni (Diomedes; Diomedes): 395 iuveni
399	4	Calydonius (DIOMEDES; Diomedes): Calydonius heros: rushes into the midst of the enemy
399	6	Calydonius (Calydonius; Calydonian): Calydonius heros 399. 454
400	4	Virginis (MINERVA; Minerva): Virgo armigera Virginis armigerae: the warnings and divinity of the armed Maiden
400	6	armigerae (armigera; armed): virginis armigerae 400. 545: Minerva's
401	4	Phryges (TROJANI; Trojans): Phryges: flee
401	6	Phryges (Phryges; Phrygians): Phryges 401. 493. 636. 682. 762. 803
403	4	Daretis (DARES; Dares): Daretis: Diomedes catches sight of the sons of Dares in the opposing line
403	6	Daretis (Dares; Dares): *Daretis . . . natos, Phegeaque Idaeumque 403. Of Vulcan's priest among the Trojans
405	4	Idaeum (IDAEUS Daretis filius; Idaeus, son of Dares): Idaeum: Diomedes catches sight of Idaeus with his brother in the line
405	4	Phegeus (PHEGEUS; Phegeus): hurls his spear at Diomedes
405	4	Phegea (PHEGEUS; Phegeus): Phegea: Diomedes sees Phegeus in the line
405	6	Idaeum (Idaeus 1; Idaeus 1): Daretis . . . natos, Phegeaque Idaeumque 405
405	6	Phegeus (Phegeus; Phegeus): *Phegeus 405
405	6	Phegea (Phegeus; Phegeus): Daretis natos . . . *Phegeaque Idaeumque 405
408	4	Tydides (DIOMEDES; Diomedes): — kills Phegeus
408	6	Tydides (Tydides; son of Tydeus): Tydides 390. 408. 530. 665. 1008
409	6	viri (Phegeus; Phegeus): See viri 409
413	6	frater (Idaeus 1; Idaeus 1): See frater 413
414	6	germani (Phegeus; Phegeus): germani 414. 421
415	6	Tydidae (Tydides; son of Tydeus): saevi . . . -dae 415
416	4	Tydidae (DIOMEDES; Diomedes): Tydidae: Idaeus does not withstand the strong arms of the savage son of Tydeus
421	4	Idaeus (IDAEUS Daretis filius; Idaeus, son of Dares): — cannot help his brother, whom Diomedes has wounded
421	6	Idaeus (Idaeus 1; Idaeus 1): -us 421
421	6	germani (Phegeus; Phegeus): germani 414. 421
422	6	fratri (Phegeus; Phegeus): fratri 422
424	4	Atrides (AGAMEMNON; Agamemnon): — rages in arms against the Trojans
424	4	Teucros (TROJANI; Trojans): In Teucros: Agamemnon rages against the Teucrians
424	6	Atrides (Atrides (Agamemno); son of Atreus (Agamemnon)): alter(?) -es 424
424	6	Teucros (Teucri; Teucrians): -os 424. 903
427	4	Hodius (HODIUS; Hodius): — unhappy, is laid low by Agamemnon
427	6	Odius (Odius; Odius): infelix -us 427
429	4	Idomeneus (IDOMENEUS; Idomeneus): — slays Phaestus
429	6	Idomeneus (Idomeneus; Idomeneus): -eus 429
430	4	Phaestum (PHAESTUS; Phaestus): Phaestum: Idomeneus strikes Phaestus the Maeonian
430	6	Maeoniden (Maeonides; the Maeonian): *Maeoniden Phaestum 430
430	6	Phaestum (Phaestus; Phaestus): Maeoniden *Phaestum 430: Μήονος υἱὸν Βώρου ἐκ Τάρνης ("son of the Maeonian Borus, from Tarne")
431	4	Strophio (STROPHIUS; Strophius): e Strophio genitum: Idomeneus slays the son of Strophius (namely Scamandrius)
431	4	Stygias (STYGIUS; Stygian): ad Stygias undas: to the Stygian waves
431	6	Strophio (Strophius; Strophius): Strophio genitum 431: Scamandrius
431	6	Stygias (Stygius; Stygian): Stygias . . . ad umbras 431
432	4	Meriones (MERIONES; Meriones): — slays Phereclus
432	4	Phereclum (PHERECLUS; Phereclus): Phereclum: Meriones kills Phereclus
432	6	Meriones (Meriones; Meriones): -nes *432. 1013
432	6	Phereclum (Phereclus; Phereclus): *Phereclum 432: Τέκτονος υἱὸν Ἁρμονίδεω ("son of Tecton, son of Harmon")
433	4	Eurypylus (EURYPYLUS; Eurypylus): dreadful in his vast arms, kills Hypsenor
433	4	Meges (MEGES; Meges): — slays Pedaeus
433	4	Pedaeum (PEDAEUS; Pedaeus): Pedaeum: Meges kills Pedaeus
433	6	Meges (Meges; Meges): *Meges 433. Son of Phyleus, on the Greek side
433	6	Pedaeum (Pedaeus; Pedaeus): *Pedaeum 433: bastard son of Antenor
434	4	Hypsenora (HYPSENOR; Hypsenor): Hypsenora: Eurypylus slays Hypsenor as he comes
434	6	Eurypylus (Eurypylus; Eurypylus): vastis horridus armis Eurypylus 434
434	6	Hypsenora (Hypsenor; Hypsenor): *Hypsenoră 434: son of Dolopion
436	4	Pandarus (PANDARUS; Pandarus): — flits about in the host
436	6	Pandarus (Pandarus; Pandarus): -us 346. 436
437	4	Tydiden (DIOMEDES; Diomedes): Tydiden: Pandarus seeks the son of Tydeus
437	6	Tydiden (Tydides; son of Tydeus): -den 437: Diomedes
438	4	Troum (TROJANI; Trojans): — Pandarus sees Diomedes laying low the bodies of the Trojans
438	6	Troum (Tros; Trojan): Troum 102. 281. 339. 357. 438. 631. 641. 701. 963
441	4	Calydonius (DIOMEDES; Diomedes): Calydonius juvenis: burns with anger
441	6	Calydonius (Calydonius; Calydonian): iuvenis -us 441: Diomedes
443	4	Astynoum (ASTYNOUS; Astynous): Astynoum: Diomedes kills him
443	4	Hypirona (HYPIRON; Hypiron): Hypirona: Diomedes attacks the great Hypiron
443	6	Astynoum (Astynous; Astynous): *Astynoum 443
443	6	Hyperona (Hyperon; Hyperon): magnum . . . *Hyperonă 443
445	4	Abanta (ABAS; Abas): Abanta: Diomedes kills him
445	4	Polyidon (POLYIDOS Eurydamantis filius; Polyidos, son of Eurydamas): Polyidon: Diomedes kills Polyidus
445	6	Abanta (Abas; Abas): Abanta: Diomedes killed Abas, son of Eurydamas, brother of Polyidus, a Trojan 445
445	6	Polyïdon (Polyidos; Polyidus): *Polyïdŏn (polidona trad.) 445: son of Eurydamas
446	4	Thoonem (THOON Phaenopis filius; Thoon, son of Phaenops): Thoonem: Diomedes kills the huge Thoon
446	4	Xanthum (XANTHUS Phaenopis filius; Xanthus, son of Phaenops): Xanthum: Diomedes kills Xanthus, known in war
446	6	Thoonem (Thoon; Thoon): vastum . . . *Thoonem 446: son of Phaenops
446	6	Xanthum (Xanthus (Phaenopis f.); Xanthus (son of Phaenops)): notum bello Xanthum 446: son of Phaenops, brother of Thoon
447	4	Chromium (CHROMIUS Priami filius; Chromius, son of Priam): Chromium: Diomedes slays him
447	4	Echemona (ECHEMON; Echemon): Echemona: Diomedes slays him
447	6	Chromium (Chromius 2; Chromius 2): Chromiumque et Echemmona 447: sons of Priam
447	6	Echemmona (Echemmon; Echemmon): Echemmona 447: son of Priam
448	4	Tartara (TARTARA; Tartarus): ad Tartara: Diomedes sends Echemon to Tartarus
448	6	Tartara (Tartara; Tartarus): ad Tartara mittit 448
449	4	Tydidae (DIOMEDES; Diomedes): — Pandarus laid low by his right hand
449	4	Pandare (PANDARUS; Pandarus): Pandare: Pandarus, you fall by the hand of Diomedes
449	6	Pandare (Pandarus; Pandarus): -re 449
449	6	Tydidae (Tydides; son of Tydeus): -dae . . . dextra 449
453	4	Tydeius (TYDEIUS; of the son of Tydeus): (of Diomedes) ensis: the sword of the son of Tydeus
453	6	Tydeius (Tydeius; of the son of Tydeus): Tydeius ensis, of Diomedes: 453
454	4	Aeneas (AENEAS; Aeneas): — meets Diomedes in combat
454	4	Calydonius (DIOMEDES; Diomedes): — fights with Aeneas
454	6	Aeneas (Aeneas; Aeneas): -as 454. 516
454	6	Calydonius (Calydonius; Calydonian): Calydonius heros 399. 454
458	4	Tydides (DIOMEDES; Diomedes): — great, does not see where he may wound Aeneas
459	6	Tydides (Tydides; son of Tydeus): magnus . . . -des 459
464	4	Venus (VENUS; Venus): — Aeneas from Diomedes
464	6	Venus (Venus; Venus): Venus 315. 464. 911
466	4	Oenides (DIOMEDES; Diomedes): Oenides: wounds the hand of Venus
466	6	Oenides (Oenides; grandson of Oeneus): *Oenides 466: Diomedes
467	4	Venerem (VENUS; Venus): In Venerem: Diomedes rushes in arms against Venus
467	6	Venerem (Venus; Venus): in -rem 467
470	4	Cytherea (VENUS; Venus): — struck by the spear of Diomedes, makes for heaven
470	6	Cytherea (Cytherea; the Cytherean): Cythereă 309. 335. 470: Venus
471	6	matri (Dione; Dione): (Dione), mother of Venus: sidereae . . . matri 471
472	4	Aenean (AENEAS; Aeneas): Aenean: the Trojan Apollo saves the Dardanian Aeneas
472	4	Apollo (APOLLO; Apollo): — the Trojan [Apollo] saves Aeneas
472	6	Aenean (Aeneas; Aeneas): Dardanium -an 472
472	6	Apollo (Apollo; Apollo): Troianus -o 472. 830
472	6	Dardanium (Dardanius; Dardanian): -um Aenean 472
483	4	Veneris (AENEAS; Aeneas): Veneris proles: the fairest offspring of Venus shines forth in the host
483	4	Veneris (VENUS; Venus): Veneris: the offspring of Venus, Aeneas
483	6	proles (Aeneas; Aeneas): and Venus 483
483	6	Veneris (Venus; Venus): Aeneas, -eris . . . proles 236. 483
484	4	Grajorum (GRAI; Greeks): — Aeneas presses their columns
484	6	Graiorum (Graius; Greek): -orum . . . agmina 484
486	4	Hector (HECTOR; Hector): — bravest, lays the Greeks low in slaughter
486	4	Phrygum (TROJANI; Trojans): — the one hope of the Phrygians, Hector
486	6	Hector (Hector; Hector): fortissimus -or 486. 820
486	6	Phrygum (Phryges; Phrygians): spes una -um 486
487	4	Grajum (GRAI; Greeks): — Hector turns the columns of the Greeks
487	6	Graium (Graius; Greek): agmina -um 305. 487
491	4	Hector (HECTOR; Hector): — attacks the Greeks, just like a wolf
491	6	Hector (Hector; Hector): Hector 256. 277. 491. 626. 677. 774. 959. 967. 979. 996. 1051
492	4	Danaos (GRAI; Greeks): — Hector attacks the Danaans
492	6	Danaos (Danai; Danaans): -os 45. 492. 659. 808. 912. 950. 1001
493	4	Grajorum (GRAI; Greeks): — their battle lines fail
493	4	Phryges (TROJANI; Trojans): — press on more fiercely
493	6	Graiorum (Graius; Greek): -orum acies 493
493	6	Phryges (Phryges; Phrygians): Phryges 401. 493. 636. 682. 762. 803
495	4	Marti (MARS; Mars): Marti: the Greeks give way before hostile Mars
495	6	marte (Mars; Mars): infesto Marte 495
496	4	Danaum (AGAMEMNON; Agamemnon): Danaum rex: sees his comrades giving way before hostile Mars
496	4	Danaum (GRAI; Greeks): — king (Agamemnon)
496	6	rex (Agamemnon; Agamemnon): and cf. rex Danaum 124. 496
496	6	Danaum (Danai; Danaans): -um (gen.): 19. 50. 67. 124. 153. 251. 268. 357. 389. 496. 631. 686. 691. 698. 705. 743. 747. 794. 1025
500	4	Libycus (LIBYCUS; Libyan): ut Libycus leo: like a Libyan lion (Agamemnon)
500	6	Libycus (Libycus; Libyan): Libycus . . . leo 500
504	4	Atrides (AGAMEMNON; Agamemnon): — fierce against the enemy, rushes like a Libyan lion
504	6	Atrides (Atrides (Agamemno); son of Atreus (Agamemnon)): ferus -es 504
505	4	Phrygum (TROJANI; Trojans): — Agamemnon drives back the squadrons of the Phrygians
505	6	Phrygum (Phryges; Phrygians): -um . . . turmas 505
506	4	Achivum (GRAI; Greeks): Achivum: the valour of Agamemnon kindles the strength of the Achaeans
506	6	Achivum (Achivi; Achaeans): -um 506. 657
508	4	Danai (GRAI; Greeks): Danai: rejoice
508	4	Teucri (TROJANI; Trojans): Teucri: are routed
508	6	Danai (Danai; Danaans): Danai 508. 542. 646. 679. 766. 802. 838. 960. 978. 1002
508	6	Teucri (Teucri; Teucrians): Teucri 508
509	4	Aenean (AENEAS; Aeneas): — Agamemnon catches sight of Aeneas driving in his chariot
509	6	Aenean (Aeneas; Aeneas): -ān 509
510	4	Atrides (AGAMEMNON; Agamemnon): — catches sight of Aeneas driving in his chariot
510	6	Atrides (Atrides (Agamemno); son of Atreus (Agamemnon)): -es 24. 510(?) 663
510	6	Atrides (Atrides (Menelaus); son of Atreus (Menelaus)): -des 290. 301. 332. 349. (510?)
513	6	— (Aeneae auriga; charioteer of Aeneas): the charioteer of Aeneas, not named 513
516	4	Aeneas (AENEAS; Aeneas): — when his charioteer has been killed by Agamemnon, he groans and in his courage leaps down from the chariot
516	6	Aeneas (Aeneas; Aeneas): -as 454. 516
517	4	Crethona (CRETHON; Crethon): Crethona: Aeneas kills him
517	6	Crethona (Crethon; Crethon): Crethona 517: son of Diocles, of Pherae
518	4	Orsilochum (ORSILOCHUS; Orsilochus): Orsilochum: Aeneas slays Orsilochus
518	6	Orsilochum (Orsilochus; Orsilochus): *Orsilochum 518: son of Diocles, of Pherae
519	4	Menelai (MENELAUS; Menelaus): — Pylaemenes falls by the arms of Menelaus
519	4	Paphlagonum (PYLAEMEN; Pylaemenes): Paphlagonum ductor: the leader of the Paphlagonians is killed by Menelaus
519	6	Menelai (Menelaus; Menelaus): -lai 519. 639
519	6	Paphlagonum (Paphlagones; Paphlagonians): Paphlagonum ductor 519: Pylaemenes
520	4	Antilochi (ANTILOCHUS; Antilochus): — Mydon falls by his arms
520	4	Jovis (JUPPITER; Jupiter): — offspring (Sarpedon)
520	4	Mydon (MYDON; Mydon): falls by the arms of Antilochus
520	4	Sarpedon (SARPEDON; Sarpedon): — the glorious offspring of Jupiter fights
520	6	Antilochi (Antilochus; Antilochus): armis . . . -i 520: son of Nestor
520	6	Iovis (Iuppiter; Jupiter): Iovis inclita proles Sarpedon 248. 520
520	6	Mydon (Mydon; Mydon): *Mydon 520: charioteer of Pylaemenes, son of Atymnius
521	6	Sarpedon (Sarpedon; Sarpedon): Iovis inclita proles Sarpedon 249. 521
523	4	Hercule (HERCULES; Hercules): Hercule magno: Tlepolemus, son of great Hercules
523	4	Tlepolemus (TLEPOLEMUS; Tlepolemus): — son of great Hercules, is killed by Sarpedon
523	6	Hercule (Hercules; Hercules): Tlepolomus magno satus Hercule 523
523	6	Tlepolomus (Tlepolomus; Tlepolemus): *-us magno satus Hercule 523
524	6	labores (Hercules; Hercules): See patris . . . labores 524
527	4	Sarpedon (SARPEDON; Sarpedon): — wounded, withdraws from the contest
527	4	Ulixes (ULIXES; Ulysses): — the contriver of fraud kills seven young Trojans
527	6	Sarpedon (Sarpedon; Sarpedon): -don 527
527	6	Vlixes (Vlixes; Ulysses): fraudis . . . commentor -es 527. 579
529	4	Hector (HECTOR; Hector): — pillar of his country, the son of Mars fights
529	6	Hector (Hector; Hector): patriae columen Mavortius -or 529
530	4	Tydides (DIOMEDES; Diomedes): — fights
530	6	Tydides (Tydides; son of Tydeus): Tydides 390. 408. 530. 665. 1008
532	4	Mavors (MARS; Mars): — mighty in war, fights with Pallas
532	4	Pallade (MINERVA; Minerva): Cum Pallade: Mars fights with chaste Pallas
532	6	bellipotens (bellipotens; mighty in war): bellipotens . . . Mavors 532
532	6	Mavors (Mavors; Mavors): bellipotens . . . Mavors 532
532	6	Pallade (Pallas; Pallas): casta cum -de 532. 894
533	4	virago (MINERVA; Minerva): sancta virago: the holy warrior-maiden wounds Mars
533	6	virago (virago; warrior-maiden): sancta virago 533: Minerva
536	6	regi (Iuppiter; Jupiter): aethereo . . . regi 536
537	6	genitoris (Iuppiter; Jupiter): magni genitoris 537
538	4	Acamantem (ACAMAS dux Thracum; Acamas, leader of the Thracians): Acamantem: Ajax son of Telamon kills him
538	4	Ajax (AJAX Telamonis filius; Ajax, son of Telamon): — kills Acamas, leader of the Thracians
538	6	Acamantem (Acamas 2; Acamas 2): -antem . . . Ajax son of Telamon kills him 538
538	6	Aiax (Aiax (Telamonius); Ajax (son of Telamon)): -ax 538. 799. 1009
539	4	Adrastum (ADRASTUS; Adrastus): Adrastum: Menelaus captures the huge Adrastus
539	4	Menelaus (MENELAUS; Menelaus): — captures Adrastus
539	6	Adrastum (Adrastus; Adrastus): vastumque capit Menelaus -um 539
539	6	Menelaus (Menelaus; Menelaus): Menelaus 283. 312. 339. 539
542	4	Danai (GRAI; Greeks): — press on
542	4	Trojana (TROJANI; Trojans): Trojana juventus: the Trojan youth gives way
542	6	Danai (Danai; Danaans): Danai 508. 542. 646. 679. 766. 802. 838. 960. 978. 1002
542	6	Troiana (Troianus; Trojan): Troiana iuventus 542. 770
543	4	Hector (HECTOR; Hector): — the son of Mars perceives that the gods fight for the Greeks
543	6	Hector (Hector; Hector): Mavortius -or 543. 797
543	6	Mavortius (Mavortius; son of Mavors): Mavortius Hector 543. 797
544	4	Danais (GRAI; Greeks): Pro Danais: Hector perceives that the gods fight for the Danaans
544	6	Danais (Danai; Danaans): pro -is 544
545	4	Virginis (MINERVA; Minerva): divinity
545	6	armigerae (armigera; armed): virginis armigerae 400. 545: Minerva's
546	4	Hecubam (HECUBA; Hecuba): Hecubam: Hector orders Hecuba to be called
546	6	Hecaben (Hecabe; Hecuba): Hecubam 546
547	6	divae (Diva; goddess): divae 547: Minerva
548	4	Palladis (MINERVA; Minerva): the Trojan women go up to the temple of the unwed Pallas
548	6	Pallados (Pallas; Pallas): innuptae -dos arces 548 (in both places -dis trad.)
549	4	Iliades (ILIADES; women of Ilium): go up to the temple of Minerva
549	6	Iliades (Iliades; women of Ilium): Iliades 549
551	4	Hecube (HECUBA; Hecuba): Hecube: a suppliant to the temple of Minerva
551	4	Minervae (MINERVA; Minerva): Minervae: Hecuba comes as a suppliant to the temple of Minerva
551	6	Hecabe (Hecabe; Hecuba): Hecabē (-cuba trad.) . . . genetrix 551
551	6	Minervae (Minerva; Minerva): ad templa Minervae 551
552	6	coniuge (Priamus; Priam): See coniuge 552
553	4	Glaucus (GLAUCUS Lyciorum dux; Glaucus, leader of the Lycians): — about to fight with Diomedes
553	6	Glaucus (Glaucus; Glaucus): -us 553: leader of the Lycians among the Trojans
554	4	Diomede (DIOMEDES; Diomedes): Cum Diomede: Glaucus, about to fight with Diomedes
554	6	Diomede (Diomedes; Diomedes): cum -dĕ 554
556	4	Aetolius (DIOMEDES; Diomedes): Aetolius heros: addresses Glaucus
556	6	Aetolius (Aetolius; Aetolian): Aetolius heros 556. 698: Diomedes
559	4	Veneris (VENUS; Venus): — Diomedes wounds the right hand of Venus
559	6	qui (Diomedes; Diomedes): v. 584: qui . . . manum Veneris violavit (cf. 559)
559	6	Veneris (Venus; Venus): -eris 559. 584
560	4	Martem (MARS; Mars): — Diomedes pricked Mars
560	6	Martem (Mars; Mars): Diomedes pupugit . . . Martem 560
564	4	Andromache (ANDROMACHE; Andromache): the most faithful wife of Hector, seeks to speak with him
565	4	Astyanacta (ASTYANAX; Astyanax): Astyanacta: Andromache holds the little Astyanax
565	4	Hectoris (HECTOR; Hector): — his wife Andromache
565	6	Andromache (Andromache; Andromache): fidissima coniunx . . . Andromachē 565
565	6	natum (Astyanax; Astyanax): See parvum . . . natum 565
565	6	Hectoris (Hector; Hector): -oris 232. 565. 1006. 1040
566	6	Astyanacta (Astyanax; Astyanax): Andromache parvum . . . Astyanacta tenet 566
566	6	heros (Hector; Hector): maximus heros 566
567	6	infans (Astyanax; Astyanax): infans 567. 571
568	6	materna (Andromache; Andromache): See materna ad pectora 568
570	6	iuvenis (Hector; Hector): iuvenis 570
571	6	infantem (Astyanax; Astyanax): infans 567. 571
572	4	pater (JUPPITER; Jupiter): vocative: best (Hector prays)
572	6	pater (Iuppiter; Jupiter): o pater optime 572
573	6	natus (Astyanax; Astyanax): meus . . . natus 573
575	6	portis (Troia; Troy): portis 227. 575
576	4	Paris (PARIS; Paris): — makes for the lines together with Hector
576	6	Paris (Paris; Paris): Paris 576. 756
577	4	Hector (HECTOR; Hector): — the greatest, challenges the princes of the Greeks
577	6	Hector (Hector; Hector): maximus -or 577. 636
578	4	Grajorum (GRAI; Greeks): — Hector challenges their leaders
578	6	Graiorum (Graius; Greek): -orum . . . duces 578
579	4	Ulixes (ULIXES; Ulysses): — the contriver of fraud, when Hector challenges the leaders of the Greeks to arms, comes forward with the others
579	6	Vlixes (Vlixes; Ulysses): fraudis . . . commentor -es 527. 579
580	4	Idomeneus (IDOMENEUS; Idomeneus): — fierce, comes forward when Hector challenges the princes of the Greeks
580	4	Meriones (MERIONES; Meriones): — famous for his father's family, comes forward to the fight with the others
580	6	Idomeneus (Idomeneus; Idomeneus): ferus -eus 580
581	4	Atrides (AGAMEMNON; Agamemnon): — the keen leader of the Greeks, when Hector challenges the leaders of the Greeks to arms, comes forward
581	4	Grajum (GRAI; Greeks): — the leader of the Greeks, Agamemnon
581	6	Atrides (Atrides (Agamemno); son of Atreus (Agamemnon)): Graium . . . dux acer -es 581
581	6	Graium (Graius; Greek): -um . . . dux 581
581	6	Meriones (Meriones; Meriones): Idomeneus et *iunctus gente paterna -nes 581
582	4	Ajaces (AJACES; the two Ajaxes): the two
582	4	Eurypylus (EURYPYLUS; Eurypylus): — splendid in his famous arms, comes forward with the others
582	6	Aiaces (Aiaces; the two Ajaxes): Aiacesque duo 582
583	4	Andraemone (ANDRAEMO; Andraemon): — Thoas, son of the great [Andraemon]
583	4	Thoas (THOAS; Thoas): — son of great Andraemon, comes forward with the other leaders of the Greeks
583	6	Andraemone (Andraemon; Andraemon): Thoas Andraemone natus 202. 583
583	6	Eurypylus (Eurypylus; Eurypylus): claris speciosus in armis -us 583
583	6	Thoas (Thoas; Thoas): magno . . . Thoas Andraemone natus 583
584	4	Veneris (VENUS; Venus): — the same violated her hand
584	6	qui (Diomedes; Diomedes): v. 584: qui . . . manum Veneris violavit (cf. 559)
584	6	Veneris (Venus; Venus): -eris 559. 584
585	4	Achilles (ACHILLES; Achilles): — the terror of the Trojans, keeps away from the battles and soothes his love with the lyre
585	4	Troum (TROJANI; Trojans): — the terror of the Trojans, Achilles
585	6	Achilles (Achilles; Achilles): Troum terror -es 585
585	6	Troum (Tros; Trojan): Troum terror Achilles 585
586	6	amores (Briseis; Briseis): amores 586
587	4	Atridae (AGAMEMNON; Agamemnon): — the lots are thrown into the helmet of the king
587	6	Atridae (Atrides (Agamemno); son of Atreus (Agamemnon)): regis -dae 587
588	4	Ajax (AJAX Telamonis filius; Ajax, son of Telamon): — great, when the lots have been cast into Agamemnon's helmet, comes forward
588	6	Aiax (Aiax (Telamonius); Ajax (son of Telamon)): magnus . . . -ax 588
601	4	Aeacides (ACHILLES; Achilles): [Aeacides]
601	4	Priamides (HECTOR; Hector): Priamides [—]
601	6	Aiacis (Aiax (Telamonius); Ajax (son of Telamon)): ardorque -acis 601
601	6	Priamides (Priamides; son of Priam): Priamides 601. 610. 660. 988
602	4	Ajax (AJAX Telamonis filius; Ajax, son of Telamon): — the son of Telamon, raging in spirit and in arms, attacks Hector
602	6	Aiax (Aiax (Telamonius); Ajax (son of Telamon)): Telamonius -ax 205. 363. 602. 623. 787. 836
602	6	Telamonius (Telamonius; son of Telamon): Telamonius Aiax 205. 363. 602. 623. 787. 836
603	4	Hectora (HECTOR; Hector): Hectora: Ajax son of Telamon attacks Hector, famous in war
603	6	Hectora (Hector; Hector): insignem bello . . . -ora 603
610	4	Telamone (AJAX Telamonis filius; Ajax, son of Telamon): Telamone creatus: Hector attacks the son of Telamon with a stone
610	4	Priamides (HECTOR; Hector): — fights against Ajax
610	6	Priamides (Priamides; son of Priam): Priamides 601. 610. 660. 988
610	6	Telamone (Telamon; Telamon): -one creatum 610. 624
611	4	Ajax (AJAX Telamonis filius; Ajax, son of Telamon): — fierce, repels with his shield the stone thrown by Hector
611	6	Aiax (Aiax (Telamonius); Ajax (son of Telamon)): ferus -ax 611
614	4	Apollo (APOLLO; Apollo): — hostile to the Greeks, lightens the stone with which Ajax strikes Hector
614	4	Grais (GRAI; Greeks): — Apollo, hostile to the Greeks
614	6	Apollo (Apollo; Apollo): Grais inimicus -o 614
614	6	Grais (Graius; Greek): Grais 2. 277. 614
616	4	Titan (TITAN; Titan): — when, weary, he had begun to plunge his fire-bearing chariot into the waves
617	6	Titan (Titan; Titan): fessus in undas coeperat igniferos -an immergere currus 617
620	4	Hector (HECTOR; Hector): — greatest in war, addresses Ajax
620	6	Hector (Hector; Hector): bello maximus -or 620. 832
623	4	Ajax (AJAX Telamonis filius; Ajax, son of Telamon): [— the son of Telamon answers Hector]
623	6	Aiax (Aiax (Telamonius); Ajax (son of Telamon)): Telamonius -ax 205. 363. 602. 623. 787. 836
623	6	Telamonius (Telamonius; son of Telamon): Telamonius Aiax 205. 363. 602. 623. 787. 836
624	4	Telamone (AJAX Telamonis filius; Ajax, son of Telamon): — [you see (he speaks of himself)]
624	4	Hesione (HESIONA; Hesione): [Hesione ablative: the son of Telamon, born of his mother Hesione]
624	6	Hesiona (Hesione; Hesione): -na de matre . . . Telamone creatum Aiacem 624
624	6	Telamone (Telamon; Telamon): -one creatum 610. 624
626	4	Hector (HECTOR; Hector): [— addresses Ajax]
626	4	Hesionae (HESIONA; Hesione): [the name of Hesione]
626	6	Hector (Hector; Hector): Hector 256. 277. 491. 626. 677. 774. 959. 967. 979. 996. 1051
626	6	Hesionae (Hesione; Hesione): Hesionae nomen 626
628	4	Ajacem (AJAX Telamonis filius; Ajax, son of Telamon): — Hector rewards Ajax with a gleaming sword
628	6	Aeaciden (Aeacides (Aiax Telamonius); descendant of Aeacus (Ajax son of Telamon)): -dēn *628
628	6	Aeaciden (Aiax (Telamonius); Ajax (son of Telamon)): -acem see Aeaciden 368. 628
629	4	Ajax (AJAX Telamonis filius; Ajax, son of Telamon): — the warrior: Hector receives the belt with which he had girded himself
629	6	Aiax (Aiax (Telamonius); Ajax (son of Telamon)): bellator . . . -ax 629
631	4	Danaum (GRAI; Greeks): — the bands of the Danaans and the Trojans withdraw
631	4	Troum (TROJANI; Trojans): — the bands of the Trojans and the Danaans withdraw
631	6	Danaum (Danai; Danaans): -um (gen.): 19. 50. 67. 124. 153. 251. 268. 357. 389. 496. 631. 686. 691. 698. 705. 743. 747. 794. 1025
631	6	Troum (Tros; Trojan): Troum 102. 281. 339. 357. 438. 631. 641. 701. 963
633	4	Bacchi (BACCHUS; Bacchus): Bacchi liquor: the liquor of Bacchus
633	6	Bacchi (Bacchus; Bacchus): Bacchi . . . liquore 633
635	4	Aurora (AURORA; Dawn): puts the stars to flight
635	6	Aurora (Aurora; Dawn): stellas Aurora fugarat 635
636	4	Hector (HECTOR; Hector): — the greatest, recalls with his comrades yesterday's dead
636	4	Phryges (TROJANI; Trojans): — come into assembly
636	6	Hector (Hector; Hector): maximus -or 577. 636
636	6	Phryges (Phryges; Phrygians): Phryges 401. 493. 636. 682. 762. 803
638	4	Achivis (GRAI; Greeks): — Hector advises that Helen be given back to the unconquered Achaeans
638	4	Helene (HELENA; Helen): Helene: Hector advises that Helen be given back to the Greeks
638	6	Achivis (Achivi; Achaeans): invictis . . . -is 638
638	6	Helene (Helene; Helen): Helenē 638
639	4	Menelai (MENELAUS; Menelaus): — plunder to soothe the harsh fires of Menelaus
639	6	Menelai (Menelaus; Menelaus): -lai 519. 639
640	4	Atridae (MENELAUS; Menelaus): Atridae: Idaeus is sent to the savage son of Atreus
640	6	Atridae (Atrides (Agamemno); son of Atreus (Agamemnon)): saevo . . . -dae 640
641	4	Idaeus (IDAEUS Trojanorum praeco; Idaeus, herald of the Trojans): — carries the Trojans' message to Agamemnon
641	4	Troum (TROJANI; Trojans): — Idaeus carries the Trojans' message to Agamemnon
641	6	Idaeus (Idaeus 2; Idaeus 2): Idaeus 641
641	6	Troum (Tros; Trojan): Troum 102. 281. 339. 357. 438. 631. 641. 701. 963
643	4	Idaeum (IDAEUS Trojanorum praeco; Idaeus, herald of the Trojans): Idaeum: Agamemnon orders Idaeus to leave the camp
643	6	Idaeum (Idaeus 2; Idaeus 2): -um 643: herald of the Trojans
644	4	Troica (TROICUS; Trojan): ad Troica castra: to the Trojan camp
645	6	Troiae (Troicus; Trojan): castra . . . Troica (Troiae variant reading) 645
646	4	Danai (GRAI; Greeks): — build pyres
646	6	Danai (Danai; Danaans): Danai 508. 542. 646. 679. 766. 802. 838. 960. 978. 1002
650	4	Titan (TITAN; Titan): — when he had revealed his orb shining with rays
650	6	Titan (Titan; Titan): nitidum -an radiis patefecerat orbem 650
651	4	Jovis (JUPPITER; Jupiter): Jovis nominative: calls the gods above into assembly
651	6	Iovis (Iuppiter; Jupiter): nom.: Iovis 651
654	4	Idae (IDA; Ida): Idae: Jupiter sits down on the shady mountains of Ida
654	6	Idae (Ida; Ida): umbrosis . . . montibus Idae 654
655	4	Iliacas (ILIACUS; of Ilium): Iliacas acies: the lines of Ilium
655	6	Iliacas (Iliacus; of Ilium): acies . . . -cas 655
657	4	Achivum (GRAI; Greeks): — Jupiter weighs the fortunes of the Achaeans and Phrygians
657	4	Phrygum (TROJANI; Trojans): — Jupiter weighs the hard fates of the Phrygians and the fortunes of the Greeks
657	6	Achivum (Achivi; Achaeans): -um 506. 657
657	6	Phrygum (Phryges; Phrygians): fata . . . -um 657
658	4	Grajum (GRAI; Greeks): — the disaster of the Greeks outweighs, as Jupiter weighs them
658	6	Graium (Graius; Greek): -um clades 658
659	4	Danaos (GRAI; Greeks): — Hector attacks the Danaans
659	6	Danaos (Danai; Danaans): -os 45. 492. 659. 808. 912. 950. 1001
660	4	Priamides (HECTOR; Hector): — the one glory of Phrygia, fights in anger
660	6	Priamides (Priamides; son of Priam): Priamides 601. 610. 660. 988
661	4	Achivi (GRAI; Greeks): Achivi nominative: are thrown into confusion
661	4	Phrygiae (PHRYGIA; Phrygia): Phrygiae unum decus: the one glory of Phrygia (Hector)
661	6	Achivi (Achivi; Achaeans): 661
661	6	decus (Hector; Hector): unum . . . decus Phrygiae 661
661	6	Phrygiae (Phrygia; Phrygia): unum . . . decus Phrygiae, Hector: 661
662	4	Dorica (DORICUS; Doric): Dorica castra: the Doric camp
662	6	Dorica (Doricus; Doric): -ca . . . castra 662
663	4	Atrides (AGAMEMNON; Agamemnon): — encourages his comrades
663	6	Atrides (Atrides (Agamemno); son of Atreus (Agamemnon)): -es 24. 510(?) 663
665	4	Tydides (DIOMEDES; Diomedes): — a prince, shines forth in blazing arms
665	6	Tydides (Tydides; son of Tydeus): Tydides 390. 408. 530. 665. 1008
667	4	Agelaus (AGELAUS; Agelaus): meets Diomedes
667	6	Agelaus (Agelaus; Agelaus): Agelaus 667: a Trojan, son of Phradmon
668	6	heros (Diomedes; Diomedes): 668 maximus heros
670	4	Ajacis (AJAX Telamonis filius; Ajax, son of Telamon): In Ajacis armis: protected by the arms of Ajax, Teucer drives the Trojans
670	4	Teucer (TEUCER; Teucer): standing under the shield of Ajax, drives the Trojans
670	4	Phrygas (TROJANI; Trojans): — Teucer, standing under the shield of Ajax, drives the Phrygians
670	6	Aiacis (Aiax (Telamonius); Ajax (son of Telamon)): -acis 670
670	6	Phrygas (Phryges; Phrygians): -as (-es trad.) . . . Teucer agit 670
671	6	Teucer (Teucer; Teucer): Teucer 671
672	4	Gorgythiona (GORGYTHION; Gorgythion): Gorgythiona: Teucer kills the fierce Gorgythion
672	6	Gorgythiona (Gorgythion; Gorgythion): *Gorgythiona ferum 672: son of Priam
673	4	Hectoris (HECTOR; Hector): — Teucer cuts down the charioteer of proud Hector
673	6	aurigam (Archeptolemus; Archeptolemus): aurigam . . . Hectoris 673
674	4	Troius (HECTOR; Hector): Troius heros: the Trojan hero overcomes Teucer with a stone
674	6	Hectoris (Hector; Hector): superbi -oris 674
674	6	Troius (Troius; Trojan): Troius heros, Hector: 674
677	4	Hector (HECTOR; Hector): — turbulent, rushes on
677	6	Hector (Hector; Hector): Hector 256. 277. 491. 626. 677. 774. 959. 967. 979. 996. 1051
679	4	Danai (GRAI; Greeks): — take refuge
679	6	Danai (Danai; Danaans): Danai 508. 542. 646. 679. 766. 802. 838. 960. 978. 1002
682	4	Grajos (GRAI; Greeks): Grajos: the Trojans besiege the Greeks, shut in by the rampart
682	4	Phryges (TROJANI; Trojans): — besiege the Greeks, shut in by the rampart
682	6	Graios (Graius; Greek): Graios 682. 755. 763
682	6	Phryges (Phryges; Phrygians): Phryges 401. 493. 636. 682. 762. 803
686	4	Danaum (GRAI; Greeks): — chiefs
686	6	Danaum (Danai; Danaans): -um (gen.): 19. 50. 67. 124. 153. 251. 268. 357. 389. 496. 631. 686. 691. 698. 705. 743. 747. 794. 1025
689	4	Achillis (ACHILLES; Achilles): — the envoys of the Greeks urge his right hand in vain to bring help
689	6	Achillis (Achilles; Achilles): -is 54. 689. 719. 806
690	4	Thetideius (ACHILLES; Achilles): Thetideius heros: spurns the prayers of the Greeks
690	6	Thetideius (Thetideius; son of Thetis): Thetideius heros 690. 892: Achilles
691	4	Danaum (GRAI; Greeks): — Achilles rejects the prayers of the Danaans
691	6	regis (Agamemnon; Agamemnon): rex 58. 134. 691
691	6	Danaum (Danai; Danaans): -um (gen.): 19. 50. 67. 124. 153. 251. 268. 357. 389. 496. 631. 686. 691. 698. 705. 743. 747. 794. 1025
692	6	ignis (Briseis; Briseis): redditus ignis 692
693	4	Briseis (BRISEIS; Briseis): even if she is given back untouched, does not move Achilles
693	6	Briseis (Briseis; Briseis): intacta . . . Briseis 693
694	4	Pelasgis (GRAI; Greeks): Pelasgis: the envoys report Achilles' answers to the Pelasgians
694	6	Pelasgis (Pelasgi; Pelasgians): -gis 694
698	4	Aetolius (DIOMEDES; Diomedes): — goes out of the camp with Ulysses
698	4	Danaum (GRAI; Greeks): — at the command of the Danaans Diomedes goes out of the camp with Ulysses
698	6	Aetolius (Aetolius; Aetolian): Aetolius heros 556. 698: Diomedes
698	6	Danaum (Danai; Danaans): -um (gen.): 19. 50. 67. 124. 153. 251. 268. 357. 389. 496. 631. 686. 691. 698. 705. 743. 747. 794. 1025
699	4	Ulixem (ULIXES; Ulysses): Ulixem: Diomedes chooses Ulysses as his companion
699	6	Vlixem (Vlixes; Ulysses): -xem 699
701	4	Troum (TROJANI; Trojans): — what the confidence of the Trojans is
701	6	Troum (Tros; Trojan): Troum 102. 281. 339. 357. 438. 631. 641. 701. 963
704	4	Dolon (DOLON; Dolon): meets Diomedes and Ulysses in the night
704	4	Troia (TROJANI; Trojans): Troia pubes: the Trojan youth had sent Dolon to spy out the strength of the Greeks
704	6	Dolon (Dolon; Dolon): *Dolon 704
704	6	Troia (Troius; Trojan): Troia pubes 704
705	4	Danaum (GRAI; Greeks): — strength
705	6	Danaum (Danai; Danaans): -um (gen.): 19. 50. 67. 124. 153. 251. 268. 357. 389. 496. 631. 686. 691. 698. 705. 743. 747. 794. 1025
707	4	Diomedis (DIOMEDES; Diomedes): Diomedis socius: the companion of Diomedes, Ulysses
707	4	Ulixes (ULIXES; Ulysses): — catches sight of Dolon
707	6	Diomedis (Diomedes; Diomedes): socius Diomedis 707
707	6	Vlixes (Vlixes; Ulysses): Vlixes 707
710	4	Eumediades (DOLON; Dolon): Tros Eumediades: the Trojan son of Eumedes outruns them
710	6	Eumediades (Eumediades; son of Eumedes): Tros *Eumediades 710: Dolon
710	6	Tros (Tros; Trojan): Tros (troius trad.) Eumediades, Dolon: 710
719	4	Achillis (ACHILLES; Achilles): — Dolon relates that the chariot of Achilles has been promised him by the Trojans
719	4	Troja (TROJA; Troy): — the greatest, had promised Dolon the chariot of Achilles
719	6	Achillis (Achilles; Achilles): -is 54. 689. 719. 806
719	6	Troia (Troia; Troy): maxima -ia 719
723	4	Ditis (DIS; Dis): per Ditis opaci fluctus: by the waves of dark Dis (Dolon speaks as a suppliant)
723	6	Ditis (Dis; Dis): per Ditis fluctus obtestor opaci 723
726	4	Priami (PRIAMUS; Priam): Priami: I shall disclose Priam's plan (Dolon speaks)
726	4	Phrygiae (TROJANI; Trojans): Phrygia gens Phrygiae gentis: I shall disclose the whole affair of the Phrygian race (Dolon speaks)
726	6	Priami (Priamus; Priam): -mi regis 726
727	4	Troja (TROJA; Troy): — what Troy was preparing
727	6	Phrygiae (Phrygius; Phrygian): gentis . . . Phrygiae 727
727	6	Troia (Troia; Troy): Troia 727. 1016
729	4	Rhesi (RHESUS; Rhesus): Rhesi: Ulysses and Diomedes seize the tents of Rhesus and slaughter him
729	6	Rhesi (Rhesus; Rhesus): tentoria Rhesi 729
731	6	virum (Rhesus; Rhesus): cf. ipsum . . . virum 731
734	4	Eurus (EURUS; the East Wind): would not outrun the horses of Rhesus
734	4	Thracas (THRAX; Thracian): adjective: Thracas equos, the Thracian horses
734	6	Eurus (Eurus; the East Wind): Eurus 734: the wind
734	6	Thraecis (Rhesus; Rhesus): Thraecis 734
734	6	Thraecis (Thraex; Thracian): Thraecis (-es trad.; -ăs conj.) equos 734: of Rhesus
736	4	Argolicas (ARGOLICUS; Argive): Argolicas classes
736	6	Argolicas (Argolicus; Argive): -as . . . classes 736
737	4	Nestoris (NESTOR; Nestor): — his age receives Diomedes and Ulysses, who, Dolon having been slaughtered, return to the camp
737	6	Nestoris (Nestor; Nestor): -oris aetas 154. 737
739	4	Pelopeius (AGAMEMNON; Agamemnon): — praises the valour of Ulysses and Diomedes
739	6	duci (Agamemnon; Agamemnon): dux 134. 156. 739
739	6	Pelopeius (Pelopeius; descendant of Pelops): Pelopeius heros 131. 739: Agamemnon
743	4	Danaum (GRAI; Greeks): — leaders
743	4	Dardanidum (TROJANI; Trojans): Dardanidae Dardanidum duces: the leaders of the Dardanids
743	6	Danaum (Danai; Danaans): -um (gen.): 19. 50. 67. 124. 153. 251. 268. 357. 389. 496. 631. 686. 691. 698. 705. 743. 747. 794. 1025
743	6	Dardanidum (Dardanides; Dardanid): -dum . . . duces 743: of the Trojans
747	4	Danaum (AGAMEMNON; Agamemnon): — wounds Antiphus
747	4	Danaum (GRAI; Greeks): — king (Agamemnon)
747	6	rex (Agamemnon; Agamemnon): Danaum rex 747
747	6	Danaum (Danai; Danaans): -um (gen.): 19. 50. 67. 124. 153. 251. 268. 357. 389. 496. 631. 686. 691. 698. 705. 743. 747. 794. 1025
748	4	Antiphon (ANTIPHUS Priami filius; Antiphus, son of Priam): Antiphon: Agamemnon wounds him
748	6	Antiphon (Antiphus 3; Antiphus 3): -ŏn 748: son of Priam
749	4	Hippolochum (HIPPOLOCHUS; Hippolochus): Hippolochum: Agamemnon slays Hippolochus as he rushes into battle
749	4	Pisandrum (PISANDER; Pisander): Pisandrum: Agamemnon slays Pisander
749	6	Pisandrum (Pisander; Pisander): *Pisandrum (tess- trad.) 749: son of Antimachus
750	4	Iphidamanta (IPHIDAMAS; Iphidamas): Iphidamanta: Agamemnon kills Iphidamas
750	6	Hippolochum (Hippolochus; Hippolochus): Pisandrum . . . fratremque . . . *Hippolochum 750: sons of Antimachus
750	6	Iphidamanta (Iphidamas; Iphidamas): *Iphidamanta (amphi- trad.) 750: son of Antenor
751	6	frater (Coon; Coon): (Coon), son of Antenor: frater 751
752	4	Antenore (ANTENOR; Antenor): — Agamemnon pursues and wounds his son (Coon)
752	6	Antenore (Antenor 2; Antenor 2): Antenore natum 752: Coon, a Thracian
754	4	Hector (HECTOR; Hector): — the son of Priam, angry, enters the fierce fight
754	6	Hector (Hector; Hector): -or . . . Priamides 754
754	6	Priamides (Priamides; son of Priam): Hector -es 754: Hector
755	4	Grajos (GRAI; Greeks): — Hector drives the Greeks on every side
755	6	Graios (Graius; Greek): Graios 682. 755. 763
756	4	Paris (PARIS; Paris): — lays low the enemy squadrons
756	6	Paris (Paris; Paris): Paris 576. 756
757	4	Eurypyli (EURYPYLUS; Eurypylus): Eurypyli: Paris wounds the thigh of Eurypylus
757	6	Eurypyli (Eurypylus; Eurypylus): -li 757
758	4	Pelasgi (GRAI; Greeks): Pelasgi nominative: flee into the camp
758	4	Troes (TROJANI; Trojans): Troes: the Trojans press on, the Greeks flee
758	6	Pelasgi (Pelasgi; Pelasgians): Pelasgi 758. 769
758	6	Troes (Tros; Trojan): Troes 758. 767. 928. 978. 1002, everywhere before a consonant or in the last, anceps, position
760	4	Hector (HECTOR; Hector): — the Martial one breaks the gates of the enemy camp with a stone
760	6	Hector (Hector; Hector): Martius -or 760
760	6	Martius (Martius; Martial): Martius Hector 760
762	4	Phryges (TROJANI; Trojans): — burst into the entrances of the enemy camp
762	6	Phryges (Phryges; Phrygians): Phryges 401. 493. 636. 682. 762. 803
763	4	Grajos (GRAI; Greeks): — the Trojans lay the Greeks low
763	6	Graios (Graius; Greek): Graios 682. 755. 763
766	4	Danai (GRAI; Greeks): — fight from the walls
766	6	Danai (Danai; Danaans): Danai 508. 542. 646. 679. 766. 802. 838. 960. 978. 1002
767	4	Troes (TROJANI; Trojans): — advance with a tortoise formed
767	6	Troes (Tros; Trojan): Troes 758. 767. 928. 978. 1002, everywhere before a consonant or in the last, anceps, position
769	4	Pelasgi (GRAI; Greeks): — all flee in confusion
769	6	Pelasgi (Pelasgi; Pelasgians): Pelasgi 758. 769
770	4	Trojana (TROJANI; Trojans): — presses the Greeks
770	6	Troiana (Troianus; Trojan): Troiana iuventus 542. 770
772	4	Danais (GRAI; Greeks): Danais: Neptune supplies strength to the Danaans
772	4	Neptunus (NEPTUNUS; Neptune): supplies courage and strength to the Greeks
772	6	Danais (Danai; Danaans): -is 772
772	6	Neptunus (Neptunus; Neptune): Neptunus 772
774	4	Amphimachum (AMPHIMACHUS princeps Epeorum; Amphimachus, prince of the Epeans): Amphimachum: Hector cuts down the fierce Amphimachus
774	4	Asius (ASIUS Hyrtaci filius; Asius, son of Hyrtacus): — falls by the right hand of Idomeneus
774	4	Hector (HECTOR; Hector): — cuts down Amphimachus
774	4	Idomenei (IDOMENEUS; Idomeneus): Idomenei: Asius falls by the right hand of Idomeneus
774	6	Asius (Asius; Asius): Asius 240. 774: son of Hyrtacus, on the Trojan side
774	6	Hector (Hector; Hector): Hector 256. 277. 491. 626. 677. 774. 959. 967. 979. 996. 1051
774	6	Idomenei (Idomeneus; Idomeneus): -nei dextrā 774
775	6	Amphimachum (Amphimachus 1; Amphimachus 1): Hector atrocem -um obtruncat 775
776	4	Alcathous (ALCATHOUS; Alcathous): son-in-law of Anchises, is killed
776	6	Alcathous (Alcathous; Alcathous): Anchisae gener Alcathous 776
776	6	Anchisae (Anchises; Anchises): Anchisae gener Alcathous 776
777	4	Rhythieus (IDOMENEUS; Idomeneus): Ductor Rhythieus: the great-hearted leader from Rhytion kills Alcathous
777	6	Rhytieus (Rhytieus; the man from Rhytion): magnanimus ductor Rhytieus 777: Idomeneus
778	4	Ascalaphum (ASCALAPHUS; Ascalaphus): Ascalaphum: Deiphobus kills him
778	4	Deiphobus (DEIPHOBUS; Deiphobus): — slays Ascalaphus
778	6	Ascalaphum (Ascalaphus; Ascalaphus): -um 778
778	6	Deiphobus (Deiphobus; Deiphobus): fervidus . . . -us 778
779	4	Hector (HECTOR; Hector): — fierce, rages with violent heart
779	6	Hector (Hector; Hector): -or . . . ferox 779
780	4	Ajax (AJAX Telamonis filius; Ajax, son of Telamon): — the greatest, strikes Hector with a stone
780	6	Aiax (Aiax (Telamonius); Ajax (son of Telamon)): maximus -ax 780
782	4	Trojana (TROJANI; Trojans): Trojana manus: the Trojan band runs together
782	6	Troiana (Troianus; Trojan): -na manus 782
783	4	Xanthi (XANTHUS fluvius; Xanthus, the river): Xanthi: the Trojans wash the wounded Hector in the waves of Xanthus
783	6	Xanthi (Xanthus (fluvius); Xanthus (the river)): Xanthi . . . fluentis 783
786	4	Polydamas (POLYDAMAS; Polydamas): kills Prothoenor
786	4	Prothoenora (PROTHOENOR; Prothoenor): Prothoenora: Polydamas kills Prothoenor
786	6	Polydamas (Polydamas; Polydamas): Polydamas 786: son of Panthous
786	6	Prothoënora (Prothoenor; Prothoenor): -ora 786
787	4	Ajax (AJAX Telamonis filius; Ajax, son of Telamon): — the son of Telamon strikes Archilochus
787	4	Archilochum (ARCHILOCHUS; Archilochus): Archilochum: Ajax son of Telamon kills Archilochus son of Antenor
787	6	Aiax (Aiax (Telamonius); Ajax (son of Telamon)): Telamonius -ax 205. 363. 602. 623. 787. 836
787	6	Antenoriden (Antenorides; son of Antenor): Archelochum . . . Antenoriden 787
787	6	Archelochum (Archelochus; Archelochus): -um . . . Antenoriden 787: a Trojan
787	6	Telamonius (Telamonius; son of Telamon): Telamonius Aiax 205. 363. 602. 623. 787. 836
788	4	Acamas (ACAMAS Antenoris filius; Acamas, son of Antenor): — wounds Promachus
788	4	Boeotum (BOEOTUS; Boeotian): Boeotum (cf. Promachus)
788	4	Promachum (PROMACHUS; Promachus): Promachum: Acamas, son of Antenor, wounds Promachus the Boeotian
788	6	Acamas (Acamas 1; Acamas 1): -as killed Promachus, whom the right hand of fierce Peneleus lays low 788
788	6	Boeotum (Boeotus; Boeotian): Boeotum . . . Promachum 788
788	6	Promachum (Promachus; Promachus): Boeotum . . . Promachum 788
789	4	Penelei (PENELEUS; Peneleus): Penelei: the right hand of fierce Peneleus lays low Acamas son of Antenor
789	4	Priameia (TROJANI; Trojans): Priameia pubes: the youth of Priam falls
789	6	Penelei (Peneleos; Peneleus): atrocis -lei 789: leader of the Boeotians
789	6	Priameia (Priameius; son of Priam): -eia pubes 789. 837: the Trojans
790	4	Achaica (GRAI; Greeks): Achaica turba: the Achaean throng flees
790	4	Troes (TROJANI; Trojans): — rise up more fiercely
790	6	Achaica (Achaicus; Achaean): insurgunt Troes ad Achaica bella 790
790	6	Troes (Tros; Trojan): Troēs ad 790
791	4	Pelopea (GRAI; Greeks): [Pelopea juventus: the youth of Pelops gives way]
791	6	— (Pelopeus; of Pelops): [Pelopea iuventus 791]: the Greeks
794	4	Danaum (GRAI; Greeks): — the terror of the Danaans, Hector
794	4	Hector (HECTOR; Hector): — the terror of the Danaans, tireless, flies up and drives the Greeks
794	6	Danaum (Danai; Danaans): -um (gen.): 19. 50. 67. 124. 153. 251. 268. 357. 389. 496. 631. 686. 691. 698. 705. 743. 747. 794. 1025
794	6	Hector (Hector; Hector): Danaum metus, impiger -or 794
795	4	Agamemnonis (AGAMEMNON; Agamemnon): — his squadrons, with Hector pressing them, flee to the ships
795	6	Agamemnonis (Agamemnon; Agamemnon): -onis 121. 795
797	4	Hector (HECTOR; Hector): — the son of Mars rages, about to burn the ships of the Greeks
797	6	Hector (Hector; Hector): Mavortius -or 543. 797
797	6	Mavortius (Mavortius; son of Mavors): Mavortius Hector 543. 797
799	4	Ajax (AJAX Telamonis filius; Ajax, son of Telamon): — alone defends the ships
799	6	Aiax (Aiax (Telamonius); Ajax (son of Telamon)): -ax 538. 799. 1009
802	4	Danai (GRAI; Greeks): — hurl their spears
802	6	Danai (Danai; Danaans): Danai 508. 542. 646. 679. 766. 802. 838. 960. 978. 1002
803	4	Phryges (TROJANI; Trojans): — hurl burning torches
803	6	Phryges (Phryges; Phrygians): Phryges 401. 493. 636. 682. 762. 803
806	4	Achillis (ACHILLES; Achilles): — Patroclus, protected by the arms of Achilles
806	4	Patroclus (PATROCLUS; Patroclus): protected by the arms of Achilles
806	6	Achillis (Achilles; Achilles): -is 54. 689. 719. 806
806	6	Patroclus (Patroclus; Patroclus): Patroclus 806. 827
807	4	Troas (TROJANI; Trojans): Troas: Patroclus, protected by the arms of Achilles, terrifies the Trojans
807	6	Troas (Tros; Trojan): Troas 807
808	4	Danaos (GRAI; Greeks): the Trojans, who were just now throwing the Danaans into confusion, now flee
808	6	Danaos (Danai; Danaans): -os 45. 492. 659. 808. 912. 950. 1001
809	6	ille (Patroclus; Patroclus): cf. ille 809. 823
811	4	Sarpedona (SARPEDON; Sarpedon): Sarpedona: Patroclus kills Sarpedon
811	6	Sarpedona (Sarpedon; Sarpedon): -dona 811
813	4	Achillis (ACHILLES; Achilles): — Patroclus fights under the likeness of the dread Achilles
813	6	Achillis (Achilles; Achilles): horrendi . . . -is 813
815	4	Hector (HECTOR; Hector): — burning, looks back at Patroclus throwing the lines into confusion under the likeness of Achilles
815	6	Hector (Hector; Hector): fervidus -or 815
818	4	Achilles (ACHILLES; Achilles): vocative: bravest (Hector addresses him)
818	6	Achilles (Achilles; Achilles): voc.: fortissime -es 818. 1028
819	4	Troica (TROICUS; Trojan): Troica dextera: the Trojan right hand (Hector's hand)
819	6	Troica (Troicus; Trojan): Troica dextera, Hector's: 819
820	4	Hector (HECTOR; Hector): — bravest, how much he is worth in war (he speaks of himself)
820	6	Hector (Hector; Hector): fortissimus -or 486. 820
821	4	Mavors (MARS; Mars): — though he protect you, you will die (Hector addresses Patroclus)
821	6	Mavors (Mavors; Mavors): ipse . . . Mavors 821
822	4	Marte (MARS; Mars): Marte invito: against the will of Mars this right hand will destroy you (Hector addresses Patroclus, clad in the arms of Achilles)
822	6	Marte (Mars; Mars): invito . . . Marte 822
823	6	ille (Patroclus; Patroclus): cf. ille 809. 823
824	4	Achilles (ACHILLES; Achilles): nominative, as predicate: Patroclus is silent so that he may be believed by Hector to be the true Achilles
824	6	Achilles (Achilles; Achilles): verus . . . -es 824
826	4	Dardanides (HECTOR; Hector): Dardanides: the Dardanid attacks Patroclus with his spear
826	6	Dardanides (Dardanides; Dardanid): Dardanides 826: Hector
827	4	Patroclus (PATROCLUS; Patroclus): — cheats Hector's spear
827	6	Patroclus (Patroclus; Patroclus): Patroclus 806. 827
830	4	Apollo (APOLLO; Apollo): — the Trojan [Apollo] strips Patroclus, fighting under the likeness of Achilles
830	6	Apollo (Apollo; Apollo): Troianus -o 472. 830
831	4	Achillis (ACHILLES; Achilles): — Apollo lays bare his counterfeit face
831	6	Achillis (Achilles; Achilles): simulati . . . -is (of Patroclus) 831
831	6	Achillis (Patroclus; Patroclus): simulati . . . Achillis 831
832	4	Hector (HECTOR; Hector): — greatest in war, catches Patroclus in false arms
832	6	Hector (Hector; Hector): bello maximus -or 620. 832
834	6	iuvenem (Patroclus; Patroclus): iuvenem 834
835	4	Vulcania (VULCANIUS; of Vulcan): Vulcania arma: the arms of Vulcan
835	6	Vulcania (Vulcanius; of Vulcan): Vulcania . . . arma of Achilles 835. 961
836	4	Ajax (AJAX Telamonis filius; Ajax, son of Telamon): — the son of Telamon rescues the body of Patroclus
836	6	Aiax (Aiax (Telamonius); Ajax (son of Telamon)): Telamonius -ax 205. 363. 602. 623. 787. 836
836	6	extincti (Patroclus; Patroclus): extincti 836
836	6	Telamonius (Telamonius; son of Telamon): Telamonius Aiax 205. 363. 602. 623. 787. 836
837	4	Priameia (TROJANI; Trojans): — exults with joy
837	6	Priameia (Priameius; son of Priam): -eia pubes 789. 837: the Trojans
838	4	Danai (GRAI; Greeks): — mourn their dead
838	6	Danai (Danai; Danaans): Danai 508. 542. 646. 679. 766. 802. 838. 960. 978. 1002
840	4	Nestorides (ANTILOCHUS; Antilochus): Nestorides: carries the body of Patroclus back into the camp
840	6	Nestorides (Nestorides; son of Nestor): Nestorides 840: Antilochus
840	6	corpus (Patroclus; Patroclus): miserabile corpus 840
841	4	Pelidae (ACHILLES; Achilles): — the horror (the slaughter of Patroclus) had come to his ears
841	6	Pelidis (Pelides; son of Peleus): -dae 841
843	6	membra (Patroclus; Patroclus): membra 843
843	6	materno (Thetis; Thetis): materno . . . amictu 843
844	4	Aeacides (ACHILLES; Achilles): — [mourns the slaughter of Patroclus]
844	6	Aeacides (Aeacides (Achilles); descendant of Aeacus (Achilles)): ferus -es 74. [844]
844	6	sodalis (Patroclus; Patroclus): [sodalis 844]
847	6	sodalis (Patroclus; Patroclus): extincti . . . sodalis 847
850	6	sodalis (Patroclus; Patroclus): mei sodalis 850
851	4	Hector (HECTOR; Hector): vocative: violent one (Achilles on the slaughter of Patroclus)
851	6	Hector (Hector; Hector): voc.: -or . . . violente 851
855	4	Thetin (THETIS; Thetis): Thetin: Achilles asks Thetis for strong arms
855	6	Thetin (Thetis; Thetis): Thetin 855
856	4	Vulcani (VULCANUS; Vulcan): Vulcani: Thetis begs the help of Vulcan
856	6	Vulcani (Vulcanus; Vulcan): Vulcani 856
857	4	Aetnaeos (AETNAEUS; of Etna): Aetnaeos ignes
857	6	Aetnaeos (Aetnaeus; of Etna): Aetnaeos . . . ignes of Vulcan 857
858	4	Mulciber (VULCANUS; Vulcan): Mulciber: stirs up the fires of Etna
859	6	artibus (Vulcanus; Vulcan): divinis artibus 859
860	4	Achilles (ACHILLES; Achilles): — great, puts on the arms of Vulcan
860	4	Thetidi (THETIS; Thetis): Thetidi: Vulcan gives the arms to Thetis
860	6	Achilles (Achilles; Achilles): magnus -es 860. 995
860	6	Thetis (Thetis; Thetis): Thetis 83. 860
862	4	Ignipotens (VULCANUS; Vulcan): Ignipotens: the Fire-Lord had engraved the world on the shield
862	6	Ignipotens (Ignipotens; the Fire-Lord): Ignipotens 862
863	6	nymphas (nympha; nymph): nymphas 863(?)
864	4	Nerea (NEREUS; Nereus): [the Vulcanian had made Nereus on the shield of Achilles]
864	4	Oceanum (OCEANUS; Ocean): [—]
864	6	Nerea (Nereus; Nereus): Nerea 864
864	6	Oceanum (Oceanus; Ocean): Oceanum(?) 864
866	4	Arctus (ARCTUS; the Bear)
866	4	Austro (AUSTER; the South Wind): ab Austro: the Bear is far from the South
866	6	Arctos (Arctos; the Bear): Arctos 866: a region of the sky
866	6	Austro (Auster; the South Wind): quantum Arctos ab Austro . . . distaret 866
866	6	occasus (occasus; setting of the sun): region of the setting [sun]: 866
866	6	ortu (ortus; rising of the sun): region of the rising [sun]: 866
868	4	Hesperus (HESPERUS; the Evening Star): rises
868	4	Lucifer (LUCIFER; the Morning Star)
868	6	Hesperus (Hesperus; the Evening Star): Lucifer . . . Hesperus, unus uterque 868
868	6	Lucifer (Lucifer; the Morning Star): Lucifer 868
870	6	Luna (Luna; the Moon): Luna cava 870
871	4	Nerea (NEREUS; Nereus): — on the same, great
871	6	Nerea (Nereus; Nereus): -a magnum 871
872	4	Oceanum (OCEANUS; Ocean): Oceanum senem: the Vulcanian had made old Ocean on the shield of Achilles
872	4	Protea (PROTEUS; Proteus): Protea: Proteus, never the same (the Vulcanian had made him on the shield of Achilles)
872	6	Oceanum (Oceanus; Ocean): -um . . . senem 872
872	6	Protea (Proteus; Proteus): nec eundem Protea semper 872
873	4	Dorida (DORIS; Doris): Dorida: Doris, loving the waves
873	4	Tritones (TRITONES; Tritons): Tritones feros: the Vulcanian had made the fierce Tritons on the shield
873	6	Dorida (Doris; Doris): amantem Dorida fluctus 873
873	6	Tritonas (Triton; Triton): Tritonas (-es trad.) . . . feros 873
874	4	Nereidas (NEREIDES; Nereids): Nereidas: the Vulcanian had made the Nereids on the shield of Achilles
874	4	Nereidas (NEREIDES; Nereids): [and]
874	6	Nereidas (Nereis; Nereid): liquidas . . . Nereidas 874
880	6	puellae (Musa; Muse): castae . . . puellae 880
880	6	Paeana (Paean; Paean): resonant Paeana puellae 880
889	4	Mars (MARS; Mars): — golden, stood on the shield of Achilles
889	6	Mars (Mars; Mars): Mars aureus in medio Achillis clipeo 889
891	4	Clotho (CLOTHO; Clotho): (on the shield of Achilles)
891	4	Lachesis (LACHESIS; Lachesis): (on the shield of Achilles)
891	6	Clotho (Clotho; Clotho): Clotho 891
891	6	Lachesis (Lachesis; Lachesis): Lachesis 891
892	4	Thetideius (ACHILLES; Achilles): — adorned with the arms of Vulcan
892	6	Thetideius (Thetideius; son of Thetis): Thetideius heros 690. 892: Achilles
894	4	Juno (JUNO; Juno): — with Minerva gives strength to Achilles
894	4	Pallade (MINERVA; Minerva): with chaste Pallas Juno gives strength to Achilles
894	6	Iuno (Iuno; Juno): Iuno 98. 894
894	6	Pallade (Pallas; Pallas): casta cum -de 532. 894
895	4	Cythereius (AENEAS; Aeneas): Cythereius heros: runs to meet Achilles; is saved by Neptune
895	6	Cythereius (Cythereius; son of the Cytherean): Cythereius heros 895: Aeneas
897	4	Aeacidae (ACHILLES; Achilles): Aeacidae: Aeneas was no match for Aeacides
897	6	Aeacidae (Aeacides (Achilles); descendant of Aeacus (Achilles)): -dae 897
899	6	rector (Neptunus; Neptune): See magnarum rector aquarum 899
900	4	Latiis (LATIUS; Latin): Latiis in arvis: in the Latin fields
900	4	Trojam (TROJA; Troy): — Troy restored in the Latin fields
900	6	profugus (Aeneas; Aeneas): profugus 900
900	6	Latiis (Latius; Latin): *Latiis (laetis trad.) . . . in arvis 900
900	6	Troiam (Troia; Troy): Latiis -iam repararet in arvis 900
901	4	Augustum (AUGUSTUM; Augustan): genus: the Augustan race
901	6	Augustum (Augustus; Augustan): Augustum . . . genus 901: the Julii
902	6	gentis (Augustus; Augustan): see clarae gentis 902
903	4	Aeacides (ACHILLES; Achilles): — drives the Trojans with his spear
903	4	Teucros (TROJANI; Trojans): Teucros: Achilles drives the Teucrians with his spear
903	6	Aeacides (Aeacides (Achilles); descendant of Aeacus (Achilles)): -ēs 903
903	6	Teucros (Teucri; Teucrians): -os 424. 903
905	4	Hectorei (HECTOREUS; of Hector): Hectorei sanguinis
905	4	Dardana (TROJANI; Trojans): Dardana pubes: the Dardan youth takes refuge at the Xanthus
905	6	Dardana (Dardanus; Dardan): Dardana pubes 905
905	6	Hectorei (Hectoreus; of Hector): sanguinis Hectorei 905
906	4	Xanthi (XANTHUS fluvius; Xanthus, the river): the Trojans flee to the waves of Xanthus
906	6	Xanthi (Xanthus (fluvius); Xanthus (the river)): ad -i fluctus 906
907	6	fluminis (Xanthus (fluvius); Xanthus (the river)): See divini fluminis 907
911	4	Apollo (APOLLO; Apollo): — protector of the Phrygian race, together with Venus, raises the waves of Xanthus against the Greeks
911	4	Phrygiae (TROJANI; Trojans): — its protector Apollo
911	4	Venus (VENUS; Venus): — and Apollo raise the waves of Xanthus against the Greeks
911	6	Apollo (Apollo; Apollo): Phrygiae gentis tutator -o 911
911	6	Phrygiae (Phrygius; Phrygian): -iae gentis 911
911	6	Venus (Venus; Venus): Venus 315. 464. 911
912	4	Danaos (GRAI; Greeks): against the Danaans Venus and Apollo raise the waves of Xanthus
912	4	Xanthi (XANTHUS fluvius; Xanthus, the river): — Apollo and Venus raise the waves of Xanthus against the Greeks
912	6	Danaos (Danai; Danaans): -os 45. 492. 659. 808. 912. 950. 1001
912	6	Xanthi (Xanthus (fluvius); Xanthus (the river)): -i . . . fluctus 912
914	4	Aeaciden (ACHILLES; Achilles): Aeaciden: that Xanthus may overwhelm Aeacides
914	6	Aeaciden (Aeacides (Achilles); descendant of Aeacus (Achilles)): -den 914
920	4	Juno (JUNO; Juno): — far-seeing, protects Achilles as he fights against the waves of Xanthus
920	6	Iuno (Iuno; Juno): longe provida -o 920
923	4	Phrygias (TROJANI; Trojans): Phrygiae catervae Phrygias catervas: Achilles drives the Phrygian bands with enormous slaughter
923	6	Phrygias (Phrygius; Phrygian): -ias . . . catervas 923
924	4	Aeacides (ACHILLES; Achilles): — dreadful, drives the Trojans again
924	6	Aeacides (Aeacides (Achilles); descendant of Aeacus (Achilles)): horridus -es 924
928	4	Troes (TROJANI; Trojans): — hesitate from fear
928	6	Troes (Tros; Trojan): Troes 758. 767. 928. 978. 1002, everywhere before a consonant or in the last, anceps, position
931	4	Trojana (TROJANUS; Trojan): salus Trojana: the safety of Troy
931	6	Troiana (Troianus; Trojan): salus -na 931
932	4	Hector (HECTOR; Hector): — is present, the one in whom the safety of Troy remained
932	6	Hector (Hector; Hector): unus tota salus in quo Troiana manebat -or 932
934	4	Achillem (ACHILLES; Achilles): against the great Achilles Hector wishes to contend
934	6	Achillem (Achilles; Achilles): magnum . . . -em 60. 72. 934
936	4	Pallas (MINERVA; Minerva): [— the Tritonian is suddenly seen before Hector's eyes]
936	6	Pallas (Pallas; Pallas): [Tritonia -as 936]
936	6	Tritonia (Tritonia; the Tritonian): [-ia Pallas 936]
938	4	Nereius (ACHILLES; Achilles): Nereius heros: pursues Hector in his fear
938	6	Nereius (Nereius; grandson of Nereus): Nereius heros 938. 975: Achilles
944	6	parentes (Hecabe; Hecuba): See parentes 944
944	6	parentes (Priamus; Priam): parentes 944
945	6	natum (Hector; Hector): natum 945. 1033. 1036
947	4	Tritonia (MINERVA; Minerva): Tritonia: having put on the face and arms of Deiphobus, deceives Hector
947	6	fratri (Deiphobus; Deiphobus): See fratri 947
947	6	Tritonia (Tritonia; the Tritonian): Tritonia 947
949	4	Deiphobi (DEIPHOBUS; Deiphobus): Deiphobi: Minerva takes on the form of Deiphobus
949	6	Deiphobi (Deiphobus; Deiphobus): -bi 949: son of Priam
950	4	Danaos (GRAI; Greeks): to the Danaans Minerva transfers her favour
950	4	Pallas (MINERVA; Minerva): — transfers her favour to the Greeks
950	6	Danaos (Danai; Danaans): -os 45. 492. 659. 808. 912. 950. 1001
950	6	Pallas (Pallas; Pallas): Pallas 950
957	4	Achilles (ACHILLES; Achilles): — savage, poises his spear against Hector
957	6	Achilles (Achilles; Achilles): saevus . . . -es 958
959	4	Hector (HECTOR; Hector): — cunning, avoids Achilles' spear
959	6	Hector (Hector; Hector): Hector 256. 277. 491. 626. 677. 774. 959. 967. 979. 996. 1051
960	4	Danai (GRAI; Greeks): — cry out when Achilles' spear has been avoided by Hector
960	4	Priameius (HECTOR; Hector): Priameius heros: the hero son of Priam hurls his javelin against Achilles
960	6	Danai (Danai; Danaans): Danai 508. 542. 646. 679. 766. 802. 838. 960. 978. 1002
960	6	Priameius (Priameius; son of Priam): Priameius heros: Paris 271, Hector 960
961	4	Vulcania (VULCANIUS; of Vulcan): Vulcania arma: the arms of Vulcan
961	6	Vulcania (Vulcanius; of Vulcan): Vulcania . . . arma of Achilles 835. 961
963	4	Troum (TROJANI; Trojans): — the columns of the Trojans groaned
963	6	Troum (Tros; Trojan): Troum 102. 281. 339. 357. 438. 631. 641. 701. 963
967	4	Hector (HECTOR; Hector): — his strength failing, with Achilles pressing him
967	6	Hector (Hector; Hector): Hector 256. 277. 491. 626. 677. 774. 959. 967. 979. 996. 1051
968	6	fraterna (Deiphobus; Deiphobus): fraterna . . . auxilia 968
975	4	Nereius (ACHILLES; Achilles): — presses Hector
975	6	Nereius (Nereius; grandson of Nereus): Nereius heros 938. 975: Achilles
978	4	Danai (GRAI; Greeks): — exult when Hector has been killed
978	4	Troes (TROJANI; Trojans): — mourn their dead
978	6	Danai (Danai; Danaans): Danai 508. 542. 646. 679. 766. 802. 838. 960. 978. 1002
978	6	Troes (Tros; Trojan): Troes 758. 767. 928. 978. 1002, everywhere before a consonant or in the last, anceps, position
979	4	Hector (HECTOR; Hector): — unhappy, his strength lost, entreats Achilles
979	6	Hector (Hector; Hector): Hector 256. 277. 491. 626. 677. 774. 959. 967. 979. 996. 1051
980	6	genitoribus (Hecabe; Hecuba): miseris genitoribus 980
980	6	genitoribus (Priamus; Priam): miseris genitoribus 980
981	6	pater (Priamus; Priam): pater infelix 981
982	4	Priami (HECTOR; Hector): Priami filius: that leader of leaders (he speaks of himself, dying)
982	4	Priami (PRIAMUS; Priam): — son
982	6	filius (Hector; Hector): Priami . . . filius . . . dux ille ducum, quem Graecia solum pertimuit 982
982	6	Priami (Priamus; Priam): -mi . . . filius 982
983	4	Graecia (GRAECIA; Greece): — feared Hector alone
983	6	Graecia (Graecia; Greece): -a 983
983	6	— (Priamus; Priam): Priamus 278 [983] 1046
986	4	Peleus (PELEUS; Peleus): may Peleus move Achilles on behalf of Priam (Hector, dying, addresses him)
986	6	Peleus (Peleus; Peleus): Peleus 986: father of Achilles
986	6	patris (Priamus; Priam): afflicti . . . patris 986. 1032
987	4	Priamo (PRIAMUS; Priam): Pro Priamo: may Peleus move Achilles on behalf of Priam (Hector speaks)
987	4	Pyrrhus (PYRRHUS; Pyrrhus): may Pyrrhus move Achilles on behalf of Hector
987	6	Priamo (Priamus; Priam): pro -mo 987
987	6	Pyrrhus (Pyrrhus; Pyrrhus): Pyrrhus 987: son of Achilles
988	4	Achilles (ACHILLES; Achilles): — hard, rejects Hector's prayers
988	4	Priamides (HECTOR; Hector): — spoke thus (to Achilles, dying)
988	6	Achilles (Achilles; Achilles): -es 211. 988. 997. 1014. 1043
988	6	Priamides (Priamides; son of Priam): Priamides 601. 610. 660. 988
994	4	Patrocli (PATROCLUS; Patroclus): Patrocli manes: the shade of Patroclus
994	6	Patrocli (Patroclus; Patroclus): -cli . . . manes 994
995	4	Achilles (ACHILLES; Achilles): — great, while he speaks, Hector gives up his soul
995	6	Achilles (Achilles; Achilles): magnus -es 860. 995
996	4	Hector (HECTOR; Hector): — pitiable, gives up his life
996	6	Hector (Hector; Hector): Hector 256. 277. 491. 626. 677. 774. 959. 967. 979. 996. 1051
997	4	Achilles (ACHILLES; Achilles): — not yet sated, binds Hector's limbs to his chariot
997	6	Achilles (Achilles; Achilles): -es 211. 988. 997. 1014. 1043
999	6	muros (Troia; Troy): muros 999
1000	6	heros (Achilles; Achilles): maximus heros 1000
1001	4	Danaos (GRAI; Greeks): to the Danaans Achilles brings Hector's body
1001	6	Danaos (Danai; Danaans): -os 45. 492. 659. 808. 912. 950. 1001
1001	6	corpus (Hector; Hector): corpus 1001
1002	4	Danai (GRAI; Greeks): — rejoice
1002	4	Troes (TROJANI; Trojans): — lament their wounds
1002	6	Danai (Danai; Danaans): Danai 508. 542. 646. 679. 766. 802. 838. 960. 978. 1002
1002	6	Troes (Tros; Trojan): Troes 758. 767. 928. 978. 1002, everywhere before a consonant or in the last, anceps, position
1004	6	amici (Patroclus; Patroclus): defleti . . . amici 1004
1005	4	Aeacides (ACHILLES; Achilles): — holds the funeral of Patroclus's body
1005	6	Aeacides (Aeacides (Achilles); descendant of Aeacus (Achilles)): victor . . . -es 1005. 1026
1006	4	Hectoris (HECTOR; Hector): — Achilles drags Hector's wretched limbs three times round the tomb of Patroclus
1006	6	Hectoris (Hector; Hector): -oris 232. 565. 1006. 1040
1008	4	Tydides (DIOMEDES; Diomedes): — < great-hearted >, surpasses all with his chariot
1008	6	tyrsin (Tros; Trojan): (Trosin equis? 1008)
1008	6	Tydides (Tydides; son of Tydeus): Tydides 390. 408. 530. 665. 1008
1009	4	Ajax (AJAX Telamonis filius; Ajax, son of Telamon): — is beaten in wrestling (while Achilles holds the funeral of Patroclus's body)
1009	6	Aiax (Aiax (Telamonius); Ajax (son of Telamon)): -ax 538. 799. 1009
1009	6	Merionem (Meriones; Meriones): -em 1009(?)
1010	4	Laertius (ULIXES; Ulysses): Laertius: the son of Laertes beats Ajax in wrestling in the funeral games
1010	6	Laertius (Laertius; of Laertes): Laertius astus 1010: Ulysses
1011	4	Epeus (EPEUS; Epeus): surpasses all with the boxing-gloves
1011	6	Epeos (Epeos; Epeus): caestibus . . . cunctos superavit *Epeos 1011
1012	4	Polypoetes (POLYPOETES; Polypoetes): — beats everyone with the discus in the funeral games
1012	6	Polypoetes (Polypoetes; Polypoetes): *Polypoetes 182. 1012: son of Hippodamia
1013	4	Meriones (MERIONES; Meriones): — beats everyone with the bow in the funeral games
1013	6	Meriones (Meriones; Meriones): -nes *432. 1013
1014	4	Achilles (ACHILLES; Achilles): — returns to the camp
1014	6	Achilles (Achilles; Achilles): -es 211. 988. 997. 1014. 1043
1015	4	Hectora (HECTOR; Hector): — the Trojans weep for Hector lost
1015	4	Phryges (TROJANI; Trojans): — weep for Hector lost
1015	6	Hectora (Hector; Hector): -oră 1015
1015	6	Phryges (Phryges; Phrygians): miseri . . . -es 1015
1016	4	Troja (TROJA; Troy): — resounds with lamentation when Hector is lost
1016	6	Troia (Troia; Troy): Troia 727. 1016
1017	4	Hecube (HECUBA; Hecuba): — unhappy, laments when Hector is dead
1017	6	Hecabe (Hecabe; Hecuba): infelix -be (-cuba trad.) 1017
1018	4	Andromache (ANDROMACHE; Andromache): — when Hector has been killed, rends her clothes
1018	6	Andromache (Andromache; Andromache): -ē 1018. 1058
1020	4	Hectore (HECTOR; Hector): In uno Hectore: in Hector alone the cause of Troy falls
1020	4	patris (PRIAMUS; Priam): see also « the pitiable, weary old age of an afflicted father » (Hector lost)
1020	4	Phrygum (TROJANI; Trojans): — the whole cause of the Phrygians falls in Hector alone
1020	6	Hectore (Hector; Hector): ruit omnis in uno -ore causa Phrygum 1020
1020	6	Phrygum (Phryges; Phrygians): causa -um 1020
1021	6	coniunx (Hecabe; Hecuba): coniunx 1021
1021	6	patris (Priamus; Priam): senectus afflicti miseranda patris 1021
1024	6	hostis (Achilles; Achilles): invicti . . . hostis 1024
1025	4	Danaum (GRAI; Greeks): — chiefs
1025	6	Danaum (Danai; Danaans): -um (gen.): 19. 50. 67. 124. 153. 251. 268. 357. 389. 496. 631. 686. 691. 698. 705. 743. 747. 794. 1025
1026	4	Aeacides (ACHILLES; Achilles): — wonders at the spirit of the wretched Priam
1026	6	Aeacides (Aeacides (Achilles); descendant of Aeacus (Achilles)): victor . . . -es 1005. 1026
1026	6	senis (Priamus; Priam): miseri senis 1026
1028	4	Achilles (ACHILLES; Achilles): — bravest of the Greek race (Priam addresses him)
1028	4	Grajae (GRAI; Greeks): Graja gens Grajae gentis: bravest of the Greek race, Achilles
1028	6	Achilles (Achilles; Achilles): voc.: fortissime -es 818. 1028
1028	6	Graiae (Graius; Greek): Graiae gentis 1028
1029	4	Dardana (TROJANI; Trojans): — trembles at you alone (Priam addresses Achilles)
1029	6	Dardana (Dardanus; Dardan): -na . . . pubes 1029
1030	6	senectus (Priamus; Priam): nostra senectus 1030
1032	6	patris (Priamus; Priam): afflicti . . . patris 986. 1032
1033	6	nati (Hector; Hector): natum 945. 1033. 1036
1035	6	senis (Priamus; Priam): senis 1035
1036	6	nati (Hector; Hector): natum 945. 1033. 1036
1036	6	pater (Priamus; Priam): pater 1036
1038	6	funus (Hector; Hector): funus 1038
1038	6	parentis (Priamus; Priam): parentis 225. 1038. 1044
1040	4	Dardana (DARDANUS; Dardan): Dardana regna: you have conquered the Dardan kingdom (Priam to Achilles)
1040	4	Hectoris (HECTOR; Hector): — Troy conquered by Hector's death
1040	6	Dardana (Dardanus; Dardan): -na regna 1040: Trojan
1040	6	Hectoris (Hector; Hector): -oris 232. 565. 1006. 1040
1041	4	Priamum (PRIAMUS; Priam): Priamum: you have conquered Priam (he speaks of himself to Achilles)
1041	6	Priamum (Priamus; Priam): vicisti -mum 1041
1043	4	Achilles (ACHILLES; Achilles): — is moved by Priam's prayers to give back his son's body
1043	6	Achilles (Achilles; Achilles): -es 211. 988. 997. 1014. 1043
1043	6	grandaevum (Priamus; Priam): grandaevum 1043
1044	4	Hectoreum (HECTOREUS; of Hector): Hectoreum corpus
1044	6	parenti (Priamus; Priam): parentis 225. 1038. 1044
1045	6	Hectoreum (Hectoreus; of Hector): corpus . . . -eum 1045
1046	4	Priamus (PRIAMUS; Priam): — returns to the camp after Achilles has given back Hector's body
1046	6	Priamus (Priamus; Priam): Priamus 278 [983] 1046
1048	4	Grajum (GRAI; Greeks): — six bodies of Greeks are laid on Hector's pyre
1048	6	Graium (Graius; Greek): corpora -um 1048
1050	4	Argiva (ARGIVUS; Argive): Argivaque tela (nominative)
1050	6	Argiva (Argivus; Argive): Argiva . . . tela 1050
1051	4	Hector (HECTOR; Hector): — is laid on the pyre
1051	6	Hector (Hector; Hector): Hector 256. 277. 491. 626. 677. 774. 959. 967. 979. 996. 1051
1052	4	Iliades (ILIADES; women of Ilium): — the mothers of Ilium stand round Hector's body
1052	6	Iliades (Iliades; women of Ilium): -des matres 1052
1056	4	Ilion (TROJA; Troy): — the flame with which Hector's body burned
1056	6	Ilion (Ilion; Ilium): Ilĭŏn 153. 1056
1058	4	Andromache (ANDROMACHE; Andromache): — when Hector's body has been mangled, rushes forth and laments
1058	6	Andromache (Andromache; Andromache): -ē 1018. 1058
1059	4	Astyanacta (ASTYANAX; Astyanax): — Andromache holding him
1059	6	Astyanacta (Astyanax; Astyanax): Andromache . . . -cta tenens 1059
1062	6	dux (Hector; Hector): tantus dux 1062
1064	4	Calliope (CALLIOPE; Calliope): vocative (our poet prays)
1064	6	vatis (Baebius; Baebius): see vatis 1064. 1070
1064	6	Calliope (Calliope; Calliope): Calliope voc. 1064
1066	4	Homeri (HOMERUS; Homer): Homeri: Calliope, with our poet, reaches the goal of mighty Homer
1066	6	Homeri (Homerus; Homer): metam . . . potentis Homeri 1066
1067	4	Pieridum (PIERIDES; Pierides): Pieridum cohors: the band of the Pierides
1067	6	Pieridum (Pieris; Pierid): Pieridum . . . cohors 1067
1069	4	Pallas (MINERVA; Minerva): vocative: be present, glorious one (the poet, his course run, prays to the goddess)
1069	6	Pallas (Pallas; Pallas): voc.: ades, inclita -as 1069
1070	4	Phoebe (APOLLO; Apollo): Phoebus Phoebe (our poet, his course completed, prays to the god)
1070	6	vatis (Baebius; Baebius): see vatis 1064. 1070
1070	6	Phoebe (Phoebus; Phoebus): Phoebĕ 1070
